,0,id
 ,1490626,1
：,472271,2
0,466550,3
“,432047,4
”,431934,5
国,405860,6
1,365470,7
人,325527,8
中,318622,9
大,294110,10
2,291929,11
年,245606,12
一,228844,13
不,203359,14
5,197197,15
3,195757,16
新,194489,17
车,185540,18
被,184602,19
发,176585,20
上,172318,21
成,168130,22
图,167769,23
家,166696,24
行,162066,25
万,159963,26
(,158321,27
),157807,28
4,157550,29
子,156479,30
生,153732,31
将,151778,32
业,147676,33
高,146715,34
出,145856,35
市,145699,36
元,144296,37
美,138006,38
会,133959,39
公,133704,40
开,133096,41
6,132703,42
机,129614,43
日,128922,44
的,124196,45
地,123734,46
北,123058,47
8,121587,48
全,120490,49
现,118553,50
京,117683,51
女,116050,52
民,115355,53
海,114296,54
在,114291,55
有,113370,56
长,112802,57
7,112557,58
金,110214,59
为,110106,60
9,109568,61
动,105430,62
"""",105172,63
学,104028,64
部,101831,65
网,101128,66
小,98759,67
多,98087,68
三,97943,69
南,97545,70
方,96112,71
首,94036,72
最,93521,73
重,93376,74
法,93240,75
台,92688,76
场,92515,77
.,91684,78
男,90859,79
价,88913,80
安,85786,81
工,85511,82
西,84826,83
手,84584,84
名,83926,85
产,83341,86
能,83139,87
电,83073,88
东,82942,89
后,82535,90
州,81425,91
资,81347,92
天,80849,93
月,80471,94
力,79628,95
称,79379,96
是,78387,97
建,78326,98
两,78111,99
战,77567,100
主,76971,101
外,76953,102
作,76790,103
入,76383,104
员,76340,105
进,76156,106
自,75980,107
合,75779,108
房,75706,109
对,75102,110
军,74911,111
加,74490,112
时,74269,113
下,74156,114
用,73838,115
保,73834,116
广,73804,117
政,73431,118
与,72786,119
内,72324,120
分,72068,121
事,71988,122
化,71607,123
区,70660,124
警,70291,125
本,70262,126
个,69973,127
利,69940,128
交,69913,129
华,69559,130
报,69444,131
老,68717,132
联,68470,133
商,67951,134
案,67260,135
亿,66145,136
度,66090,137
打,65531,138
体,65383,139
展,64802,140
赛,64624,141
回,64345,142
球,64098,143
文,63768,144
理,63096,145
马,63051,146
来,63025,147
水,62657,148
获,62379,149
点,61607,150
要,61328,151
明,61258,152
品,61034,153
通,61010,154
起,60831,155
平,60558,156
前,60439,157
股,60377,158
受,60265,159
制,59625,160
》,59135,161
《,59130,162
查,58880,163
增,58733,164
？,58694,165
无,58497,166
信,58453,167
调,58319,168
经,57526,169
强,57361,170
者,57327,171
实,57282,172
超,57184,173
山,56663,174
关,55844,175
可,55841,176
路,55663,177
或,55180,178
应,55068,179
收,54952,180
江,54686,181
亚,54636,182
期,54444,183
心,54297,184
改,54225,185
:,54157,186
门,53726,187
布,53618,188
务,53427,189
局,53332,190
评,53328,191
游,52851,192
城,52420,193
定,52375,194
专,52138,195
港,52018,196
企,51959,197
四,51471,198
总,50928,199
遭,50883,200
客,50850,201
次,50464,202
媒,50255,203
P,50023,204
第,49677,205
创,49327,206
费,48940,207
司,48907,208
推,48889,209
代,48807,210
面,48740,211
队,48732,212
售,48643,213
量,48624,214
世,48382,215
好,48194,216
提,47980,217
再,47754,218
近,47549,219
身,47518,220
斯,47413,221
到,47257,222
风,46952,223
特,46739,224
和,46642,225
持,46569,226
死,46114,227
比,46111,228
同,46102,229
数,45932,230
论,45818,231
情,45305,232
过,45131,233
气,44895,234
降,44887,235
级,44773,236
投,44735,237
致,44342,238
院,44310,239
难,44214,240
未,44197,241
友,44145,242
儿,44080,243
%,43674,244
伤,43508,245
物,43369,246
议,43350,247
基,43327,248
运,43281,249
演,43063,250
已,42886,251
购,42784,252
A,42684,253
空,42653,254
火,42531,255
优,42300,256
英,42163,257
性,42002,258
克,41988,259
口,41957,260
星,41935,261
组,41887,262
里,41555,263
因,41485,264
节,41432,265
放,41319,266
系,41159,267
选,41109,268
影,41030,269
解,41018,270
达,41007,271
举,40907,272
官,40401,273
管,40201,274
周,40060,275
单,39499,276
界,39493,277
传,39327,278
指,39315,279
销,39255,280
委,39201,281
失,39153,282
防,38983,283
相,38763,284
线,38669,285
正,38570,286
二,38288,287
规,38262,288
意,38226,289
证,38144,290
医,38134,291
教,37889,292
惠,37878,293
足,37851,294
造,37754,295
计,37663,296
十,37546,297
巴,37541,298
尔,37536,299
道,37395,300
岁,37301,301
当,37242,302
办,37236,303
续,37120,304
破,37063,305
济,37047,306
百,36879,307
今,36715,308
头,36615,309
件,36611,310
任,36559,311
少,36538,312
问,36457,313
之,36426,314
拉,36409,315
韩,36398,316
科,36314,317
反,36312,318
走,36247,319
立,36238,320
热,36096,321
款,36085,322
引,35897,323
团,35840,324
变,35697,325
视,35629,326
了,35579,327
流,35472,328
连,35332,329
告,35298,330
设,35288,331
以,35264,332
升,35029,333
标,34920,334
消,34458,335
光,34436,336
德,34380,337
河,34354,338
治,34332,339
格,34307,340
预,34285,341
向,34004,342
深,33857,343
、,33759,344
等,33758,345
领,33661,346
目,33659,347
张,33541,348
俄,33458,349
落,33386,350
王,33340,351
省,33308,352
救,33305,353
式,33212,354
题,33201,355
S,33189,356
低,32829,357
助,32784,358
银,32742,359
都,32679,360
半,32487,361
型,32475,362
击,32432,363
处,32315,364
表,32301,365
去,32186,366
李,32169,367
转,32127,368
航,32088,369
曝,32041,370
约,32033,371
书,32028,372
险,32025,373
千,31525,374
春,31459,375
位,31453,376
福,31451,377
统,31371,378
香,31365,379
间,31362,380
集,31265,381
权,31222,382
导,31184,383
监,31133,384
原,31122,385
楼,31097,386
启,31074,387
速,30816,388
停,30760,389
就,30700,390
纪,30629,391
环,30566,392
青,30557,393
铁,30315,394
得,30277,395
谈,30276,396
红,30247,397
遇,30206,398
亡,30162,399
活,29955,400
众,29800,401
我,29799,402
接,29741,403
兰,29687,404
旅,29639,405
结,29580,406
五,29577,407
考,29451,408
师,29285,409
病,29284,410
校,29259,411
于,29228,412
求,29150,413
涉,29126,414
项,29108,415
余,29050,416
记,28970,417
牌,28863,418
双,28776,419
认,28762,420
C,28750,421
非,28732,422
武,28677,423
疑,28649,424
看,28493,425
支,28264,426
奥,28085,427
清,28058,428
爱,27990,429
假,27982,430
花,27977,431
服,27933,432
e,27818,433
其,27810,434
涨,27635,435
协,27539,436
际,27530,437
卖,27435,438
户,27429,439
试,27381,440
质,27379,441
酒,27338,442
争,27291,443
批,27204,444
取,27095,445
i,27073,446
票,27068,447
湖,27049,448
季,26908,449
欧,26890,450
望,26887,451
油,26841,452
宝,26835,453
需,26795,454
神,26794,455
婚,26741,456
林,26722,457
果,26557,458
至,26444,459
何,26379,460
源,26327,461
卡,26269,462
违,26229,463
融,26153,464
率,26058,465
毒,26026,466
排,25985,467
农,25928,468
营,25902,469
照,25816,470
黑,25798,471
米,25784,472
骗,25743,473
装,25736,474
决,25735,475
术,25647,476
共,25635,477
士,25630,478
境,25580,479
钱,25547,480
买,25541,481
职,25540,482
带,25522,483
快,25519,484
复,25499,485
更,25355,486
尼,25353,487
所,25276,488
拍,25251,489
太,25231,490
庆,25168,491
还,25085,492
整,25080,493
湾,24943,494
店,24843,495
色,24839,496
护,24802,497
严,24689,498
故,24682,499
居,24650,500
见,24611,501
黄,24567,502
亲,24468,503
乐,24443,504
易,24337,505
准,24334,506
博,24309,507
参,24287,508
爆,24281,509
社,24262,510
剧,24237,511
o,24127,512
让,24000,513
杀,23977,514
没,23898,515
奖,23891,516
孩,23853,517
I,23837,518
感,23793,519
革,23657,520
阳,23602,521
党,23579,522
离,23524,523
程,23477,524
货,23441,525
村,23437,526
送,23368,527
施,23357,528
存,23345,529
别,23319,530
站,23245,531
曾,23214,532
互,23195,533
版,23047,534
府,22999,535
G,22992,536
飞,22928,537
汽,22926,538
检,22892,539
云,22815,540
住,22813,541
苏,22801,542
幕,22767,543
龙,22750,544
刑,22688,545
汉,22672,546
号,22671,547
澳,22442,548
技,22434,549
仍,22409,550
判,22409,551
控,22375,552
退,22321,553
抢,22248,554
食,22213,555
包,22116,556
研,22102,557
央,22061,558
）,21949,559
迎,21948,560
阿,21918,561
育,21897,562
板,21809,563
罗,21803,564
土,21793,565
势,21775,566
川,21735,567
审,21636,568
药,21604,569
盘,21592,570
T,21591,571
示,21564,572
夫,21510,573
常,21473,574
古,21440,575
（,21431,576
胜,21383,577
宁,21340,578
白,21313,579
冠,21255,580
完,21094,581
暴,21094,582
财,21065,583
片,21031,584
石,21029,585
突,21011,586
亮,20944,587
微,20913,588
跌,20883,589
观,20872,590
只,20838,591
减,20816,592
兵,20640,593
访,20593,594
洲,20535,595
值,20507,596
划,20489,597
震,20448,598
备,20419,599
核,20384,600
养,20349,601
园,20285,602
卫,20250,603
想,20124,604
诉,20115,605
息,20078,606
留,20070,607
责,20038,608
模,20016,609
如,19912,610
底,19874,611
限,19819,612
n,19736,613
话,19691,614
做,19654,615
步,19594,616
态,19531,617
拟,19508,618
嫌,19474,619
M,19395,620
艺,19391,621
注,19368,622
从,19353,623
招,19334,624
响,19248,625
索,19108,626
犯,19077,627
，,18957,628
智,18913,629
普,18795,630
器,18757,631
童,18733,632
直,18731,633
登,18555,634
维,18532,635
显,18442,636
班,18432,637
袭,18402,638
言,18398,639
干,18335,640
习,18308,641
母,18242,642
移,18215,643
条,18198,644
印,18190,645
温,18139,646
仅,18110,647
否,18068,648
待,17969,649
额,17906,650
及,17851,651
罚,17847,652
污,17833,653
副,17826,654
追,17815,655
O,17772,656
供,17744,657
史,17728,658
浙,17699,659
越,17689,660
份,17629,661
驾,17517,662
先,17446,663
精,17408,664
给,17380,665
策,17314,666
八,17312,667
馆,17279,668
灾,17175,669
历,17084,670
范,16998,671
边,16961,672
席,16960,673
沙,16941,674
杯,16919,675
构,16918,676
益,16915,677
察,16873,678
补,16866,679
禁,16842,680
录,16802,681
B,16800,682
吃,16772,683
藏,16767,684
岛,16752,685
真,16722,686
念,16701,687
雨,16685,688
津,16640,689
欲,16630,690
届,16608,691
染,16604,692
弹,16598,693
命,16543,694
六,16543,695
租,16535,696
陆,16509,697
修,16452,698
N,16410,699
抗,16381,700
练,16347,701
使,16331,702
币,16307,703
签,16285,704
患,16265,705
富,16186,706
验,16179,707
贵,16167,708
妻,16156,709
宣,16128,710
a,16107,711
波,16091,712
盟,16056,713
威,16046,714
秀,15951,715
满,15859,716
充,15836,717
络,15832,718
种,15829,719
-,15798,720
象,15776,721
功,15643,722
轮,15606,723
撞,15562,724
临,15499,725
确,15447,726
免,15443,727
列,15355,728
礼,15319,729
奇,15309,730
恐,15254,731
景,15198,732
促,15191,733
冰,15138,734
倍,15124,735
乌,15121,736
父,15116,737
各,15055,738
朝,15045,739
县,15037,740
E,15017,741
抓,15011,742
夜,14979,743
执,14975,744
知,14913,745
并,14908,746
冲,14888,747
D,14888,748
承,14857,749
容,14819,750
换,14817,751
说,14798,752
配,14781,753
频,14749,754
每,14696,755
套,14695,756
贷,14676,757
效,14640,758
跑,14624,759
遗,14623,760
急,14594,761
你,14523,762
罪,14523,763
健,14461,764
偷,14455,765
赴,14420,766
申,14384,767
豪,14350,768
付,14320,769
测,14281,770
断,14247,771
轻,14194,772
均,14130,773
积,14118,774
倒,14083,775
赔,14071,776
伙,14055,777
九,13953,778
压,13953,779
私,13944,780
刘,13905,781
也,13903,782
税,13830,783
康,13816,784
戏,13811,785
域,13768,786
声,13762,787
伊,13744,788
歌,13730,789
围,13729,790
极,13723,791
援,13707,792
盗,13686,793
贸,13684,794
画,13678,795
炸,13673,796
幅,13667,797
训,13633,798
困,13604,799
枪,13600,800
然,13545,801
终,13536,802
陈,13530,803
七,13526,804
岸,13485,805
雪,13418,806
泰,13377,807
请,13342,808
纳,13340,809
船,13332,810
逃,13328,811
迪,13302,812
例,13293,813
才,13255,814
群,13246,815
沪,13221,816
晚,13203,817
继,13200,818
败,13192,819
害,13136,820
X,13116,821
揭,13115,822
秘,13113,823
探,13093,824
律,12984,825
h,12974,826
究,12973,827
据,12919,828
雷,12858,829
债,12831,830
吸,12806,831
除,12796,832
峰,12789,833
疆,12754,834
志,12741,835
紧,12722,836
妈,12709,837
止,12696,838
迷,12650,839
拿,12646,840
乡,12584,841
享,12572,842
形,12571,843
庭,12551,844
圳,12527,845
夺,12514,846
田,12497,847
归,12469,848
稳,12353,849
么,12353,850
独,12290,851
聚,12219,852
妇,12205,853
属,12200,854
血,12191,855
播,12139,856
希,12107,857
郑,12105,858
他,12081,859
负,12068,860
F,12065,861
L,12063,862
义,12060,863
玩,12052,864
捕,12036,865
V,12001,866
巨,11981,867
音,11946,868
置,11912,869
危,11893,870
类,11840,871
拒,11820,872
征,11805,873
逾,11787,874
诺,11711,875
架,11692,876
兴,11682,877
远,11667,878
密,11648,879
令,11575,880
很,11499,881
字,11492,882
像,11462,883
菲,11458,884
松,11434,885
善,11415,886
帅,11402,887
短,11401,888
眼,11364,889
着,11360,890
借,11339,891
哈,11334,892
诈,11329,893
跨,11250,894
障,11243,895
族,11240,896
舰,11226,897
料,11226,898
呼,11225,899
露,11210,900
篮,11200,901
绝,11191,902
库,11134,903
苹,11132,904
哥,11105,905
织,11083,906
裔,11074,907
赞,11068,908
愿,11016,909
担,11015,910
占,10974,911
拘,10945,912
端,10945,913
牛,10945,914
竞,10925,915
街,10913,916
寻,10868,917
绿,10827,918
翻,10809,919
延,10803,920
鲁,10781,921
佳,10776,922
找,10765,923
穿,10716,924
派,10709,925
这,10701,926
餐,10691,927
辆,10688,928
语,10659,929
层,10653,930
激,10617,931
损,10613,932
初,10601,933
缺,10591,934
略,10587,935
烟,10580,936
差,10537,937
闻,10523,938
疗,10517,939
射,10428,940
冬,10401,941
·,10399,942
伦,10374,943
裁,10346,944
券,10313,945
误,10256,946
读,10208,947
吉,10205,948
典,10194,949
彩,10145,950
段,10145,951
乘,10123,952
把,10115,953
煤,10111,954
朗,10096,955
样,10065,956
守,10012,957
讨,9998,958
驻,9983,959
鲜,9970,960
依,9944,961
晒,9927,962
识,9918,963
蒙,9890,964
角,9853,965
孙,9793,966
算,9777,967
潮,9762,968
冷,9752,969
尚,9712,970
杭,9699,971
刀,9682,972
坚,9646,973
杨,9634,974
跳,9631,975
梦,9599,976
挑,9595,977
贴,9587,978
坛,9537,979
思,9532,980
暂,9519,981
吁,9507,982
厂,9505,983
始,9489,984
汇,9478,985
输,9476,986
根,9449,987
H,9414,988
具,9366,989
喜,9344,990
巡,9329,991
背,9299,992
即,9296,993
绩,9289,994
携,9259,995
镇,9245,996
腐,9220,997
们,9206,998
齐,9149,999
写,9109,1000
乱,9091,1001
烧,9069,1002
顶,9068,1003
圈,9052,1004
攻,9046,1005
托,9039,1006
皮,9039,1007
蓝,9033,1008
室,9026,1009
又,9006,1010
己,8986,1011
t,8986,1012
！,8981,1013
侵,8962,1014
帮,8955,1015
欢,8951,1016
采,8926,1017
榜,8919,1018
脱,8917,1019
隐,8874,1020
陷,8858,1021
洋,8847,1022
阵,8789,1023
恒,8788,1024
休,8752,1025
钟,8734,1026
座,8732,1027
错,8713,1028
滑,8693,1029
夏,8691,1030
s,8690,1031
召,8675,1032
—,8665,1033
旧,8661,1034
野,8628,1035
鱼,8621,1036
状,8619,1037
弃,8609,1038
薪,8605,1039
讲,8588,1040
零,8578,1041
扩,8573,1042
丝,8510,1043
甘,8487,1044
宫,8470,1045
r,8470,1046
爸,8467,1047
霾,8454,1048
必,8453,1049
软,8448,1050
介,8447,1051
潜,8440,1052
钢,8420,1053
净,8389,1054
舞,8330,1055
恋,8290,1056
萨,8271,1057
贫,8265,1058
返,8253,1059
由,8247,1060
焦,8230,1061
劫,8212,1062
唱,8202,1063
甲,8197,1064
靠,8194,1065
怀,8190,1066
须,8118,1067
吴,8102,1068
早,8101,1069
菜,8074,1070
狂,8051,1071
坦,8046,1072
+,8043,1073
几,8035,1074
肉,8031,1075
粉,8017,1076
脑,8005,1077
署,7965,1078
素,7956,1079
便,7918,1080
肃,7886,1081
封,7885,1082
丹,7864,1083
冒,7854,1084
课,7848,1085
而,7836,1086
折,7831,1087
永,7824,1088
/,7818,1089
瑞,7817,1090
些,7795,1091
暖,7794,1092
纷,7793,1093
踪,7780,1094
丰,7779,1095
献,7778,1096
毁,7769,1097
丽,7761,1098
晓,7759,1099
捐,7759,1100
避,7747,1101
窃,7726,1102
偿,7723,1103
衣,7722,1104
R,7669,1105
载,7659,1106
牙,7553,1107
哪,7530,1108
拆,7514,1109
斗,7514,1110
K,7490,1111
编,7472,1112
细,7454,1113
徽,7452,1114
切,7447,1115
W,7396,1116
什,7372,1117
讯,7351,1118
坠,7337,1119
谁,7331,1120
木,7331,1121
掉,7319,1122
良,7315,1123
燃,7301,1124
材,7300,1125
l,7297,1126
谋,7272,1127
筹,7268,1128
档,7266,1129
搜,7263,1130
籍,7256,1131
章,7239,1132
厅,7235,1133
沈,7226,1134
旬,7221,1135
埃,7181,1136
逆,7176,1137
搭,7156,1138
昆,7145,1139
缓,7142,1140
奶,7128,1141
贿,7126,1142
惊,7116,1143
异,7115,1144
腾,7102,1145
宅,7091,1146
曼,7075,1147
荣,7047,1148
块,6996,1149
侨,6994,1150
谢,6992,1151
孕,6990,1152
挂,6988,1153
吗,6979,1154
雄,6973,1155
递,6973,1156
该,6971,1157
闭,6966,1158
勒,6959,1159
宗,6944,1160
洪,6941,1161
刺,6940,1162
塔,6927,1163
虎,6926,1164
忧,6906,1165
宾,6906,1166
似,6901,1167
顾,6875,1168
桥,6868,1169
森,6868,1170
综,6859,1171
订,6837,1172
散,6834,1173
雾,6807,1174
脸,6806,1175
梅,6803,1176
奔,6787,1177
董,6740,1178
培,6729,1179
笑,6726,1180
皇,6695,1181
宜,6679,1182
码,6671,1183
赢,6634,1184
草,6617,1185
弟,6609,1186
筑,6596,1187
陕,6586,1188
顺,6572,1189
听,6559,1190
猫,6551,1191
Q,6521,1192
屏,6521,1193
嘉,6516,1194
珠,6514,1195
醒,6514,1196
账,6510,1197
旗,6497,1198
许,6497,1199
析,6495,1200
矿,6486,1201
抵,6457,1202
刚,6455,1203
释,6450,1204
症,6450,1205
莫,6439,1206
纽,6431,1207
锦,6423,1208
洗,6418,1209
炮,6417,1210
虚,6409,1211
树,6405,1212
幸,6397,1213
逐,6389,1214
叫,6382,1215
斤,6375,1216
适,6343,1217
辽,6326,1218
盖,6308,1219
幼,6287,1220
润,6286,1221
劳,6272,1222
扶,6263,1223
盛,6263,1224
味,6261,1225
曲,6255,1226
辞,6253,1227
措,6236,1228
佛,6220,1229
励,6209,1230
U,6200,1231
趋,6194,1232
杰,6189,1233
逼,6163,1234
恩,6159,1235
脚,6150,1236
烈,6142,1237
候,6138,1238
屋,6127,1239
朋,6124,1240
缘,6118,1241
摩,6116,1242
砸,6110,1243
庄,6105,1244
饭,6099,1245
诗,6096,1246
赌,6095,1247
秋,6082,1248
则,6065,1249
吨,6041,1250
昌,6026,1251
肥,6023,1252
饮,6015,1253
往,5991,1254
胎,5983,1255
坐,5970,1256
p,5969,1257
残,5967,1258
况,5942,1259
锋,5934,1260
淘,5920,1261
刷,5919,1262
概,5894,1263
较,5890,1264
迁,5878,1265
贩,5872,1266
冀,5868,1267
狗,5859,1268
坏,5856,1269
喝,5849,1270
晨,5842,1271
祖,5817,1272
垃,5811,1273
圾,5811,1274
键,5809,1275
束,5805,1276
郭,5801,1277
骨,5800,1278
姐,5787,1279
熊,5785,1280
督,5783,1281
尽,5782,1282
厦,5778,1283
圆,5770,1284
恶,5762,1285
炉,5759,1286
浪,5757,1287
途,5745,1288
蔡,5743,1289
操,5741,1290
癌,5730,1291
婴,5728,1292
混,5713,1293
纠,5710,1294
扬,5698,1295
骑,5682,1296
储,5646,1297
阻,5618,1298
毛,5617,1299
沉,5614,1300
拜,5596,1301
滨,5588,1302
透,5585,1303
缩,5571,1304
随,5548,1305
堂,5541,1306
亏,5528,1307
闹,5526,1308
赵,5523,1309
渐,5514,1310
戴,5512,1311
毕,5511,1312
痛,5510,1313
镜,5490,1314
募,5477,1315
晋,5468,1316
映,5430,1317
鸡,5427,1318
锁,5413,1319
沃,5398,1320
怎,5392,1321
授,5388,1322
摄,5366,1323
谷,5365,1324
圣,5356,1325
丈,5338,1326
洛,5337,1327
玉,5328,1328
驶,5323,1329
朱,5319,1330
祸,5309,1331
梁,5307,1332
叙,5303,1333
欠,5284,1334
雅,5282,1335
霸,5270,1336
贝,5264,1337
轨,5260,1338
娜,5251,1339
寒,5249,1340
疫,5225,1341
睡,5224,1342
某,5219,1343
伟,5216,1344
塞,5212,1345
撤,5204,1346
尾,5200,1347
炒,5194,1348
u,5194,1349
拼,5185,1350
简,5181,1351
堵,5174,1352
吐,5169,1353
绑,5160,1354
抱,5135,1355
敌,5119,1356
泄,5114,1357
驰,5104,1358
龄,5100,1359
m,5097,1360
妹,5093,1361
废,5093,1362
末,5090,1363
择,5074,1364
扎,5051,1365
坡,5047,1366
漏,5040,1367
徐,5031,1368
黎,5027,1369
葡,5027,1370
缴,5024,1371
跟,5022,1372
灯,5019,1373
觉,5010,1374
祝,5004,1375
塌,5004,1376
凯,5002,1377
洁,4999,1378
勇,4970,1379
耳,4961,1380
羊,4959,1381
宽,4959,1382
诞,4948,1383
那,4911,1384
卷,4902,1385
贪,4884,1386
扫,4879,1387
鼓,4857,1388
柯,4848,1389
挥,4818,1390
莱,4816,1391
苦,4809,1392
胡,4794,1393
累,4788,1394
链,4786,1395
邀,4780,1396
疾,4771,1397
赚,4771,1398
暗,4765,1399
捷,4756,1400
抽,4747,1401
醉,4737,1402
役,4732,1403
墓,4729,1404
萄,4716,1405
诊,4712,1406
d,4709,1407
扣,4702,1408
胞,4686,1409
娱,4685,1410
仪,4660,1411
瓦,4657,1412
娃,4656,1413
静,4624,1414
恢,4624,1415
迹,4587,1416
纸,4546,1417
唐,4538,1418
若,4530,1419
盼,4524,1420
触,4516,1421
仓,4514,1422
丢,4514,1423
邮,4511,1424
茶,4508,1425
硬,4507,1426
歉,4506,1427
扰,4504,1428
凌,4502,1429
泽,4500,1430
漫,4495,1431
萌,4486,1432
覆,4471,1433
述,4468,1434
阶,4464,1435
顿,4453,1436
拖,4444,1437
砍,4441,1438
笔,4432,1439
忆,4431,1440
拥,4428,1441
姆,4425,1442
怕,4420,1443
洞,4412,1444
隆,4398,1445
疯,4392,1446
酷,4378,1447
搞,4361,1448
览,4357,1449
?,4356,1450
诚,4346,1451
宋,4339,1452
怒,4339,1453
徒,4337,1454
魔,4335,1455
棋,4331,1456
含,4328,1457
胁,4320,1458
伴,4302,1459
梯,4271,1460
谣,4264,1461
敦,4263,1462
伏,4261,1463
午,4256,1464
序,4248,1465
振,4244,1466
按,4226,1467
词,4201,1468
墙,4197,1469
赠,4192,1470
井,4171,1471
替,4169,1472
艇,4159,1473
狱,4151,1474
腿,4138,1475
箭,4137,1476
c,4129,1477
槽,4126,1478
拳,4113,1479
窗,4109,1480
莞,4108,1481
挺,4101,1482
婆,4092,1483
灵,4070,1484
弱,4061,1485
猪,4054,1486
慎,4054,1487
牵,4033,1488
迟,4031,1489
挖,4015,1490
滴,4012,1491
殴,4010,1492
杜,4004,1493
娘,3996,1494
刻,3993,1495
墨,3989,1496
蛋,3986,1497
佩,3985,1498
偏,3976,1499
宇,3960,1500
竟,3957,1501
估,3951,1502
忙,3950,1503
摆,3931,1504
凶,3928,1505
宏,3926,1506
侦,3914,1507
伪,3914,1508
聘,3910,1509
剑,3905,1510
尸,3900,1511
捧,3891,1512
隔,3864,1513
邓,3862,1514
横,3857,1515
此,3848,1516
唯,3842,1517
池,3832,1518
宴,3826,1519
麦,3825,1520
虑,3814,1521
泉,3806,1522
丁,3806,1523
麻,3786,1524
掌,3778,1525
b,3775,1526
闯,3768,1527
针,3758,1528
怪,3751,1529
帝,3751,1530
淡,3738,1531
岗,3733,1532
逸,3732,1533
添,3715,1534
峡,3714,1535
毅,3713,1536
植,3700,1537
迫,3700,1538
猛,3691,1539
箱,3684,1540
押,3682,1541
悬,3677,1542
邻,3668,1543
斥,3665,1544
距,3660,1545
阅,3659,1546
衡,3658,1547
尖,3656,1548
敬,3656,1549
渔,3652,1550
慧,3635,1551
赶,3635,1552
默,3629,1553
泳,3610,1554
　,3609,1555
寨,3606,1556
却,3603,1557
忘,3600,1558
y,3590,1559
艾,3588,1560
戒,3567,1561
迈,3562,1562
但,3559,1563
苗,3558,1564
寿,3554,1565
鸟,3540,1566
附,3538,1567
惨,3538,1568
瓶,3527,1569
赖,3518,1570
答,3515,1571
朴,3510,1572
轿,3498,1573
廷,3496,1574
截,3492,1575
裂,3491,1576
秒,3489,1577
敢,3481,1578
披,3474,1579
沟,3468,1580
贤,3458,1581
粮,3452,1582
贼,3436,1583
灭,3434,1584
孔,3434,1585
著,3432,1586
逮,3432,1587
迅,3429,1588
骂,3429,1589
伯,3426,1590
慈,3423,1591
廉,3422,1592
汤,3408,1593
宿,3403,1594
粤,3398,1595
摔,3389,1596
久,3370,1597
叶,3368,1598
贺,3357,1599
仁,3353,1600
陪,3348,1601
冯,3341,1602
剩,3340,1603
慰,3333,1604
册,3320,1605
她,3299,1606
耀,3297,1607
惹,3296,1608
姚,3290,1609
怖,3283,1610
驱,3279,1611
敏,3268,1612
敲,3256,1613
堆,3244,1614
催,3229,1615
暑,3228,1616
锐,3226,1617
荡,3223,1618
另,3211,1619
冻,3205,1620
劲,3197,1621
慢,3193,1622
扮,3186,1623
秦,3179,1624
荐,3177,1625
盈,3174,1626
揽,3172,1627
肯,3167,1628
侧,3162,1629
搬,3159,1630
拔,3138,1631
浮,3133,1632
羽,3130,1633
呈,3129,1634
摇,3118,1635
乳,3116,1636
铺,3115,1637
堪,3114,1638
颁,3109,1639
哲,3101,1640
右,3098,1641
喊,3092,1642
祭,3091,1643
裸,3087,1644
床,3084,1645
屡,3084,1646
爷,3079,1647
昨,3074,1648
珍,3072,1649
畅,3066,1650
跃,3059,1651
尊,3053,1652
姓,3053,1653
奸,3049,1654
址,3041,1655
俱,3039,1656
鬼,3038,1657
拓,3023,1658
颜,3015,1659
塑,3013,1660
掀,3012,1661
纯,3010,1662
饰,3009,1663
左,2999,1664
赏,2997,1665
兄,2989,1666
泥,2981,1667
泡,2975,1668
郎,2973,1669
肇,2970,1670
炭,2967,1671
荷,2961,1672
径,2957,1673
俊,2955,1674
舍,2953,1675
君,2938,1676
泪,2917,1677
熟,2914,1678
吓,2912,1679
逊,2908,1680
腊,2901,1681
碍,2894,1682
吧,2893,1683
汪,2891,1684
汗,2884,1685
杆,2881,1686
嘴,2869,1687
荒,2849,1688
够,2835,1689
液,2833,1690
杂,2830,1691
哭,2818,1692
沿,2818,1693
瓜,2814,1694
宠,2809,1695
轰,2805,1696
翼,2796,1697
g,2792,1698
宪,2785,1699
倾,2785,1700
浓,2782,1701
辉,2781,1702
飙,2780,1703
豆,2771,1704
遍,2770,1705
繁,2770,1706
惕,2769,1707
劝,2769,1708
谱,2761,1709
柱,2751,1710
厕,2750,1711
逝,2746,1712
鹏,2737,1713
柏,2737,1714
尘,2732,1715
纵,2732,1716
巧,2725,1717
兼,2723,1718
Y,2713,1719
抛,2709,1720
喷,2706,1721
谨,2692,1722
舟,2691,1723
捡,2680,1724
努,2680,1725
鉴,2679,1726
渡,2677,1727
垄,2676,1728
窝,2676,1729
腰,2674,1730
鞋,2671,1731
俗,2671,1732
吹,2670,1733
闪,2668,1734
霍,2656,1735
蒂,2646,1736
旦,2636,1737
歧,2635,1738
疏,2632,1739
丧,2632,1740
锡,2628,1741
℃,2626,1742
脏,2620,1743
岩,2615,1744
涛,2615,1745
盾,2602,1746
勤,2601,1747
甜,2592,1748
抄,2590,1749
掘,2584,1750
蜜,2581,1751
咬,2572,1752
乒,2564,1753
固,2555,1754
酿,2554,1755
翔,2548,1756
谍,2541,1757
寺,2533,1758
漂,2532,1759
丑,2531,1760
艘,2530,1761
糖,2527,1762
贡,2526,1763
尿,2523,1764
潘,2522,1765
拦,2515,1766
予,2510,1767
壳,2506,1768
碰,2502,1769
浦,2502,1770
铜,2500,1771
稀,2500,1772
埋,2493,1773
啥,2482,1774
缅,2482,1775
阴,2479,1776
撑,2479,1777
誉,2478,1778
偶,2477,1779
桶,2476,1780
禽,2458,1781
姻,2456,1782
桂,2452,1783
芝,2451,1784
亩,2451,1785
勿,2447,1786
J,2442,1787
湘,2442,1788
寸,2440,1789
汰,2439,1790
钓,2438,1791
谎,2418,1792
舌,2417,1793
甸,2415,1794
穆,2415,1795
狼,2411,1796
寄,2406,1797
泊,2406,1798
贾,2401,1799
砖,2398,1800
乔,2392,1801
趣,2380,1802
玛,2377,1803
仿,2374,1804
拐,2368,1805
坑,2367,1806
魅,2367,1807
忍,2363,1808
摘,2359,1809
辩,2359,1810
虐,2358,1811
崔,2355,1812
薄,2354,1813
葬,2351,1814
爬,2351,1815
霆,2345,1816
酬,2342,1817
虫,2341,1818
耗,2341,1819
瘦,2340,1820
x,2338,1821
雕,2335,1822
猎,2329,1823
渠,2323,1824
灰,2321,1825
阁,2315,1826
刊,2305,1827
闽,2304,1828
帕,2299,1829
妆,2297,1830
础,2297,1831
锅,2293,1832
奋,2292,1833
孤,2284,1834
倡,2281,1835
悉,2279,1836
摊,2274,1837
剂,2272,1838
昂,2271,1839
彭,2268,1840
询,2265,1841
踢,2257,1842
兑,2256,1843
幻,2250,1844
忽,2249,1845
夕,2247,1846
惩,2246,1847
滋,2246,1848
滩,2246,1849
Z,2245,1850
驳,2243,1851
盐,2243,1852
骚,2237,1853
聊,2235,1854
凤,2229,1855
钻,2228,1856
悲,2227,1857
旺,2225,1858
奢,2218,1859
挡,2218,1860
罕,2208,1861
溺,2207,1862
壁,2205,1863
伍,2204,1864
盲,2201,1865
鹿,2200,1866
衔,2198,1867
握,2197,1868
契,2192,1869
吞,2188,1870
紫,2182,1871
绘,2180,1872
乏,2178,1873
割,2171,1874
卢,2170,1875
符,2159,1876
悦,2158,1877
彻,2156,1878
竹,2155,1879
贯,2154,1880
舒,2139,1881
饼,2137,1882
诱,2134,1883
瘫,2134,1884
俩,2134,1885
鸣,2126,1886
颖,2125,1887
厨,2124,1888
詹,2122,1889
豹,2121,1890
碎,2121,1891
凡,2119,1892
吊,2115,1893
祥,2112,1894
辟,2100,1895
艳,2097,1896
赫,2093,1897
躲,2091,1898
槛,2088,1899
碑,2086,1900
撒,2083,1901
吻,2082,1902
孟,2080,1903
辛,2078,1904
玲,2077,1905
k,2069,1906
愈,2052,1907
讼,2050,1908
吵,2044,1909
邦,2037,1910
侣,2036,1911
淮,2034,1912
逻,2033,1913
棚,2032,1914
译,2028,1915
插,2016,1916
尬,2016,1917
烂,2013,1918
闲,2007,1919
陵,2004,1920
鹰,2001,1921
硕,1999,1922
踏,1998,1923
胖,1997,1924
桃,1993,1925
遥,1989,1926
郁,1988,1927
尴,1985,1928
槿,1983,1929
绪,1982,1930
忠,1980,1931
凸,1978,1932
莎,1978,1933
陶,1976,1934
棒,1974,1935
浩,1972,1936
岳,1970,1937
罐,1968,1938
雇,1967,1939
谴,1966,1940
碳,1961,1941
堡,1960,1942
侃,1959,1943
玻,1958,1944
炼,1957,1945
猴,1956,1946
桑,1956,1947
纲,1954,1948
坊,1951,1949
挫,1946,1950
扑,1946,1951
氏,1943,1952
屠,1941,1953
琳,1941,1954
袋,1941,1955
葩,1937,1956
绍,1936,1957
尝,1934,1958
昏,1931,1959
弗,1931,1960
腹,1929,1961
奈,1923,1962
嫁,1920,1963
悼,1919,1964
琴,1917,1965
裤,1917,1966
柴,1914,1967
捞,1909,1968
番,1906,1969
卓,1903,1970
晶,1897,1971
犬,1896,1972
谊,1892,1973
悔,1887,1974
瓷,1887,1975
燕,1887,1976
踩,1883,1977
憾,1882,1978
庙,1879,1979
辑,1878,1980
懂,1878,1981
亟,1876,1982
孝,1876,1983
滥,1871,1984
辰,1870,1985
帆,1870,1986
薇,1866,1987
宵,1865,1988
挤,1864,1989
晕,1863,1990
炫,1857,1991
攀,1848,1992
柳,1847,1993
妙,1847,1994
鼠,1845,1995
姜,1845,1996
欺,1841,1997
惯,1839,1998
滞,1838,1999
辱,1832,2000
莓,1831,2001
怡,1830,2002
帽,1828,2003
曹,1828,2004
瞄,1817,2005
酸,1815,2006
壮,1813,2007
矛,1811,2008
摸,1807,2009
殊,1805,2010
劣,1804,2011
瘾,1801,2012
鸿,1794,2013
挪,1793,2014
桌,1792,2015
奏,1792,2016
辅,1790,2017
涌,1788,2018
陌,1777,2019
炎,1776,2020
牧,1775,2021
枚,1770,2022
璃,1763,2023
乎,1763,2024
抚,1758,2025
厘,1758,2026
蕾,1752,2027
抑,1748,2028
叹,1748,2029
践,1747,2030
翁,1743,2031
怨,1742,2032
仲,1742,2033
栏,1740,2034
猜,1737,2035
缉,1735,2036
擒,1735,2037
岭,1733,2038
凉,1731,2039
拨,1728,2040
虹,1727,2041
蒋,1723,2042
泛,1723,2043
斌,1721,2044
蓄,1721,2045
湿,1716,2046
妮,1716,2047
亦,1713,2048
侠,1708,2049
剪,1707,2050
肝,1705,2051
胸,1702,2052
崩,1698,2053
叔,1695,2054
艰,1694,2055
烦,1692,2056
咖,1687,2057
澄,1684,2058
睐,1684,2059
糕,1682,2060
旱,1678,2061
御,1673,2062
匪,1670,2063
扔,1665,2064
鼻,1660,2065
淫,1653,2066
莉,1646,2067
履,1646,2068
姑,1645,2069
兹,1643,2070
绸,1640,2071
胶,1636,2072
蛇,1636,2073
辣,1635,2074
坍,1632,2075
填,1632,2076
仙,1626,2077
允,1625,2078
眠,1623,2079
滚,1621,2080
楚,1618,2081
傅,1616,2082
罢,1609,2083
遏,1607,2084
膜,1607,2085
欣,1607,2086
晤,1603,2087
旁,1598,2088
裙,1598,2089
菌,1598,2090
衰,1597,2091
械,1589,2092
毙,1589,2093
彰,1588,2094
狮,1587,2095
烤,1587,2096
肌,1581,2097
扭,1579,2098
f,1576,2099
颈,1574,2100
弊,1570,2101
垫,1570,2102
厚,1569,2103
凭,1566,2104
肿,1565,2105
莲,1565,2106
阱,1564,2107
寓,1562,2108
惜,1559,2109
赁,1555,2110
琼,1554,2111
廊,1552,2112
篇,1550,2113
擦,1550,2114
颗,1549,2115
耕,1544,2116
贬,1543,2117
肖,1543,2118
愁,1542,2119
涂,1541,2120
磊,1541,2121
魂,1539,2122
盯,1539,2123
耍,1538,2124
萧,1535,2125
袖,1535,2126
脉,1525,2127
捅,1523,2128
靖,1521,2129
鼎,1515,2130
铭,1514,2131
沫,1513,2132
斩,1512,2133
肤,1512,2134
伞,1512,2135
唤,1510,2136
绕,1509,2137
誓,1504,2138
卧,1504,2139
悄,1501,2140
蜂,1500,2141
穷,1491,2142
绎,1486,2143
涵,1485,2144
肺,1484,2145
纱,1483,2146
歼,1469,2147
瘤,1467,2148
爽,1466,2149
牲,1464,2150
串,1457,2151
冤,1456,2152
葛,1455,2153
镑,1455,2154
牢,1453,2155
杉,1450,2156
纹,1449,2157
仇,1441,2158
毫,1440,2159
汛,1437,2160
赤,1435,2161
详,1435,2162
厢,1433,2163
w,1430,2164
臣,1426,2165
掩,1423,2166
袁,1422,2167
胃,1421,2168
稿,1420,2169
尤,1419,2170
跪,1418,2171
兽,1416,2172
肩,1414,2173
芯,1414,2174
粗,1412,2175
挽,1411,2176
僵,1406,2177
韦,1405,2178
肚,1403,2179
刹,1395,2180
旋,1393,2181
芬,1388,2182
伸,1383,2183
伐,1382,2184
疲,1381,2185
貌,1381,2186
冕,1378,2187
胆,1376,2188
刮,1373,2189
绳,1372,2190
臭,1371,2191
溪,1369,2192
眉,1367,2193
愤,1366,2194
牺,1365,2195
柜,1365,2196
姿,1356,2197
崛,1356,2198
琪,1352,2199
钞,1352,2200
涯,1346,2201
菱,1345,2202
坞,1343,2203
谜,1340,2204
茂,1338,2205
潭,1334,2206
盒,1331,2207
柬,1330,2208
削,1327,2209
娇,1326,2210
囊,1321,2211
般,1320,2212
删,1319,2213
睛,1317,2214
埔,1311,2215
浴,1310,2216
仔,1309,2217
媳,1307,2218
昔,1306,2219
呆,1303,2220
甩,1300,2221
泼,1297,2222
厉,1294,2223
兆,1293,2224
遣,1292,2225
惧,1292,2226
磨,1292,2227
括,1290,2228
铃,1289,2229
哀,1286,2230
傲,1284,2231
墅,1280,2232
奉,1277,2233
巢,1276,2234
栋,1272,2235
逢,1270,2236
颠,1270,2237
肠,1269,2238
溢,1268,2239
狠,1266,2240
v,1262,2241
抬,1261,2242
漠,1254,2243
痴,1252,2244
缝,1250,2245
渣,1250,2246
椅,1248,2247
稻,1246,2248
％,1246,2249
疼,1243,2250
崖,1238,2251
舆,1238,2252
杠,1236,2253
蔬,1236,2254
奕,1235,2255
闸,1232,2256
夹,1231,2257
罩,1231,2258
殖,1228,2259
妥,1228,2260
碗,1224,2261
腕,1224,2262
幂,1221,2263
擅,1221,2264
晖,1220,2265
卿,1217,2266
擎,1216,2267
拾,1211,2268
霞,1211,2269
芳,1211,2270
帖,1206,2271
巩,1203,2272
笼,1202,2273
耶,1201,2274
飘,1201,2275
啤,1200,2276
躺,1200,2277
郊,1200,2278
惑,1199,2279
搏,1197,2280
渴,1196,2281
柔,1195,2282
氧,1194,2283
矶,1191,2284
渝,1189,2285
肾,1188,2286
挨,1187,2287
鸭,1184,2288
彦,1183,2289
隧,1177,2290
卸,1177,2291
悠,1175,2292
搅,1174,2293
*,1172,2294
慌,1171,2295
捉,1171,2296
狐,1166,2297
沦,1162,2298
裕,1155,2299
魏,1149,2300
骏,1149,2301
渤,1148,2302
猝,1146,2303
耐,1143,2304
且,1143,2305
喂,1140,2306
浅,1140,2307
夸,1139,2308
鄂,1137,2309
趁,1136,2310
佬,1136,2311
涝,1133,2312
戈,1132,2313
页,1132,2314
煌,1131,2315
仗,1130,2316
趟,1127,2317
吕,1126,2318
弄,1126,2319
喀,1125,2320
逛,1122,2321
骤,1118,2322
鹅,1118,2323
咒,1115,2324
掏,1111,2325
轩,1110,2326
皆,1109,2327
痪,1107,2328
茅,1105,2329
嫖,1104,2330
亵,1102,2331
猥,1102,2332
焚,1102,2333
枝,1100,2334
雯,1097,2335
蹈,1097,2336
舱,1096,2337
挣,1094,2338
循,1094,2339
赃,1094,2340
句,1092,2341
糊,1091,2342
弘,1091,2343
窄,1089,2344
瞒,1089,2345
坤,1088,2346
咨,1088,2347
啡,1083,2348
侈,1079,2349
诸,1077,2350
娶,1076,2351
亭,1075,2352
遵,1074,2353
坝,1073,2354
乙,1072,2355
爹,1071,2356
聪,1068,2357
鑫,1066,2358
讽,1062,2359
酝,1056,2360
靓,1056,2361
晴,1056,2362
嘲,1055,2363
溃,1054,2364
框,1052,2365
茨,1051,2366
莹,1049,2367
捣,1048,2368
侯,1048,2369
绵,1047,2370
臂,1047,2371
翰,1045,2372
尺,1044,2373
俞,1043,2374
嫩,1039,2375
婷,1036,2376
塘,1036,2377
暨,1035,2378
哨,1033,2379
俪,1031,2380
碧,1028,2381
秩,1025,2382
橙,1024,2383
辈,1023,2384
骸,1023,2385
垮,1017,2386
盆,1016,2387
囚,1013,2388
峻,1013,2389
凰,1013,2390
馨,1009,2391
埠,1008,2392
撕,1008,2393
澡,1007,2394
慕,1006,2395
扁,1006,2396
倪,1005,2397
缔,1005,2398
饿,1004,2399
磋,1003,2400
咋,1003,2401
歇,1002,2402
邵,999,2403
淇,998,2404
崇,994,2405
锤,990,2406
瞻,986,2407
匠,985,2408
犹,984,2409
匹,981,2410
胀,980,2411
恼,978,2412
它,972,2413
甄,967,2414
斑,966,2415
撬,966,2416
雹,965,2417
澜,964,2418
衷,961,2419
烫,960,2420
蒸,959,2421
棍,957,2422
勾,955,2423
灌,949,2424
佣,948,2425
郝,948,2426
邹,946,2427
棉,945,2428
凑,945,2429
恨,945,2430
骁,944,2431
旭,943,2432
珊,942,2433
垂,942,2434
瞬,941,2435
遮,941,2436
栖,939,2437
舜,939,2438
萍,936,2439
俏,935,2440
丛,933,2441
祈,929,2442
弯,928,2443
熙,928,2444
遂,926,2445
搁,924,2446
撼,920,2447
濒,918,2448
乞,917,2449
泸,917,2450
磁,915,2451
衅,913,2452
宰,913,2453
诀,910,2454
凝,910,2455
驴,907,2456
玫,906,2457
抹,904,2458
勋,903,2459
羞,902,2460
妨,901,2461
淀,899,2462
蔓,896,2463
赎,893,2464
坎,893,2465
冈,892,2466
瑰,892,2467
巾,889,2468
辨,888,2469
娥,886,2470
洽,886,2471
弥,882,2472
礁,877,2473
裹,876,2474
腺,874,2475
乃,873,2476
咏,872,2477
绯,871,2478
歪,871,2479
桩,870,2480
谭,870,2481
摧,869,2482
铝,865,2483
蛮,865,2484
玮,864,2485
扇,864,2486
函,860,2487
轴,860,2488
肢,860,2489
妖,855,2490
荧,851,2491
闺,849,2492
谦,849,2493
钩,849,2494
缠,845,2495
弈,837,2496
赋,835,2497
既,832,2498
壤,831,2499
!,829,2500
•,829,2501
厄,827,2502
妍,827,2503
淹,826,2504
虾,826,2505
缮,822,2506
毯,818,2507
镐,818,2508
绣,817,2509
歹,817,2510
掐,816,2511
熬,816,2512
酵,814,2513
漳,813,2514
株,813,2515
扒,808,2516
描,808,2517
恺,807,2518
朵,807,2519
瑶,806,2520
阔,803,2521
樱,803,2522
玄,802,2523
粹,802,2524
蟹,801,2525
苍,801,2526
屈,801,2527
椒,800,2528
圭,793,2529
瑜,793,2530
戛,790,2531
昕,789,2532
悍,786,2533
佟,784,2534
蚊,783,2535
钉,782,2536
蓉,781,2537
筋,779,2538
氛,778,2539
匙,778,2540
潢,776,2541
碾,775,2542
粪,773,2543
噪,772,2544
懒,770,2545
锻,769,2546
戚,765,2547
肋,765,2548
僧,765,2549
沧,765,2550
闷,765,2551
觅,764,2552
赣,763,2553
痕,763,2554
砂,763,2555
脂,763,2556
钥,762,2557
漆,760,2558
哄,759,2559
啦,759,2560
兜,758,2561
蚁,758,2562
忌,757,2563
鞭,755,2564
篷,755,2565
缆,754,2566
芦,753,2567
肆,752,2568
饱,749,2569
庸,749,2570
聂,747,2571
咸,745,2572
敛,744,2573
嫂,744,2574
壶,741,2575
顽,738,2576
霖,738,2577
扛,738,2578
喉,737,2579
卜,737,2580
粒,736,2581
腻,735,2582
幽,734,2583
傻,733,2584
辐,733,2585
汕,727,2586
楠,727,2587
兔,725,2588
窟,724,2589
拯,720,2590
悟,718,2591
琦,718,2592
烨,717,2593
虽,717,2594
睿,716,2595
昭,715,2596
叠,713,2597
慨,709,2598
妃,709,2599
仰,708,2600
剖,707,2601
啃,705,2602
牟,705,2603
巅,704,2604
屿,704,2605
婿,703,2606
廖,703,2607
鲸,702,2608
龟,701,2609
仕,698,2610
彼,694,2611
郸,694,2612
哑,691,2613
晰,689,2614
纤,689,2615
洒,688,2616
磅,687,2617
庞,686,2618
邯,685,2619
嘱,684,2620
禅,681,2621
蝉,678,2622
邢,676,2623
嫣,676,2624
黔,675,2625
豫,669,2626
跻,669,2627
纺,667,2628
宙,665,2629
蹲,663,2630
唇,663,2631
渗,662,2632
乓,662,2633
硅,661,2634
蝶,661,2635
逗,660,2636
殡,658,2637
谐,655,2638
巷,655,2639
萎,654,2640
赂,654,2641
阜,653,2642
堰,651,2643
腔,650,2644
俭,650,2645
鹤,648,2646
衫,646,2647
魁,644,2648
佐,642,2649
奠,640,2650
啸,640,2651
叛,639,2652
鳌,637,2653
桐,636,2654
韵,636,2655
谅,636,2656
窜,635,2657
鸽,634,2658
剥,634,2659
邱,633,2660
斜,631,2661
嫦,629,2662
夷,628,2663
鳄,628,2664
饽,624,2665
杏,622,2666
馈,620,2667
笛,620,2668
媚,620,2669
袍,619,2670
膝,619,2671
匿,617,2672
芭,615,2673
穗,614,2674
】,610,2675
【,610,2676
舶,609,2677
焰,608,2678
祺,607,2679
敞,607,2680
棵,604,2681
捆,603,2682
丘,603,2683
亨,602,2684
酱,602,2685
竣,602,2686
浑,602,2687
溯,602,2688
噱,600,2689
扯,600,2690
殃,599,2691
彬,599,2692
曦,598,2693
旨,598,2694
璐,595,2695
蛛,594,2696
丸,594,2697
邪,594,2698
颇,593,2699
鸦,589,2700
硫,589,2701
勃,587,2702
儒,585,2703
蜡,584,2704
掷,584,2705
岂,584,2706
蔽,581,2707
耻,578,2708
滇,576,2709
糟,576,2710
锣,575,2711
溜,575,2712
琐,572,2713
煮,570,2714
殉,568,2715
甚,568,2716
湛,567,2717
脖,567,2718
枢,566,2719
萝,566,2720
涅,564,2721
坟,562,2722
铲,561,2723
昊,560,2724
梗,559,2725
匈,557,2726
菊,556,2727
捍,555,2728
蓬,555,2729
蜘,554,2730
侄,553,2731
蚂,553,2732
枣,551,2733
挟,549,2734
仑,549,2735
叮,548,2736
淳,548,2737
绽,547,2738
雀,547,2739
甫,546,2740
抖,545,2741
爵,544,2742
齿,543,2743
饥,542,2744
蹭,541,2745
鲍,541,2746
囧,540,2747
娼,539,2748
浏,537,2749
栽,536,2750
姨,536,2751
挝,535,2752
泻,533,2753
奴,532,2754
绮,532,2755
卵,532,2756
贞,531,2757
婉,530,2758
昧,530,2759
撰,530,2760
厌,529,2761
螺,529,2762
殿,529,2763
灿,526,2764
穴,526,2765
汶,525,2766
荆,524,2767
叉,524,2768
豚,522,2769
矩,521,2770
馅,519,2771
劈,517,2772
淋,517,2773
帐,516,2774
靴,516,2775
铅,515,2776
畜,515,2777
辜,515,2778
淑,513,2779
蔚,513,2780
枯,513,2781
霜,512,2782
芒,510,2783
尹,510,2784
庚,509,2785
咪,508,2786
熏,508,2787
垒,507,2788
霉,507,2789
浇,506,2790
焕,505,2791
炳,503,2792
雁,502,2793
碟,502,2794
寅,499,2795
颂,498,2796
靡,498,2797
梨,497,2798
勘,497,2799
…,496,2800
乾,496,2801
蝇,496,2802
罹,496,2803
筒,494,2804
衍,494,2805
慑,490,2806
秽,490,2807
闵,489,2808
诠,489,2809
聋,489,2810
俐,489,2811
韶,488,2812
醋,487,2813
榄,487,2814
茜,487,2815
皖,487,2816
裘,486,2817
脾,486,2818
窑,485,2819
熄,484,2820
猩,483,2821
麟,483,2822
晗,483,2823
",",479,2824
帷,479,2825
－,479,2826
咽,478,2827
＋,477,2828
谌,476,2829
喆,476,2830
梳,475,2831
哺,473,2832
僚,473,2833
骄,469,2834
靶,468,2835
趴,467,2836
坪,467,2837
窦,466,2838
橄,465,2839
竭,464,2840
囤,463,2841
绅,463,2842
翅,463,2843
椎,463,2844
饶,461,2845
匣,461,2846
狙,461,2847
愚,459,2848
劾,459,2849
浆,458,2850
汀,458,2851
辖,456,2852
仨,455,2853
寡,455,2854
呕,455,2855
顷,454,2856
苑,454,2857
绒,452,2858
畏,451,2859
钦,450,2860
榴,450,2861
堤,448,2862
酋,448,2863
粥,448,2864
枭,447,2865
桓,446,2866
襄,446,2867
佑,445,2868
铸,445,2869
湄,443,2870
膀,442,2871
呛,442,2872
躁,441,2873
睹,441,2874
拢,441,2875
菇,441,2876
z,440,2877
驼,439,2878
潍,439,2879
槟,437,2880
芽,436,2881
彤,435,2882
缸,435,2883
秆,435,2884
髓,434,2885
薛,434,2886
弦,433,2887
屁,433,2888
琍,431,2889
峙,431,2890
谓,431,2891
蜗,430,2892
踹,430,2893
蛙,428,2894
呵,428,2895
曙,427,2896
葆,427,2897
秸,427,2898
戳,426,2899
隅,426,2900
',426,2901
鲨,426,2902
汁,423,2903
稽,423,2904
脆,423,2905
禄,422,2906
剿,421,2907
跷,420,2908
舅,420,2909
崎,420,2910
您,420,2911
茫,420,2912
迭,418,2913
孵,416,2914
刃,416,2915
揪,415,2916
愧,415,2917
渎,414,2918
昼,414,2919
膏,413,2920
磕,413,2921
傍,412,2922
榆,411,2923
贱,410,2924
嚣,410,2925
扳,409,2926
伽,409,2927
寂,407,2928
炅,406,2929
嘀,406,2930
翘,405,2931
檀,405,2932
鸥,405,2933
朔,405,2934
鞍,405,2935
薯,404,2936
峥,403,2937
攒,401,2938
篪,401,2939
烯,400,2940
俘,399,2941
屯,399,2942
洱,397,2943
阮,397,2944
斧,397,2945
矫,396,2946
轧,396,2947
瞎,396,2948
锯,394,2949
璇,394,2950
筛,394,2951
隋,393,2952
咳,393,2953
恰,392,2954
涡,392,2955
挠,391,2956
醇,391,2957
筷,391,2958
硝,390,2959
脊,390,2960
棺,388,2961
闫,388,2962
凳,388,2963
瑟,388,2964
勉,387,2965
沂,387,2966
娅,385,2967
犀,384,2968
黛,384,2969
饲,383,2970
粽,382,2971
姗,382,2972
濮,382,2973
颐,381,2974
熔,381,2975
粟,380,2976
弓,380,2977
樟,380,2978
窘,379,2979
捂,379,2980
骆,379,2981
匆,378,2982
羡,377,2983
氢,377,2984
栗,376,2985
箍,376,2986
蒜,375,2987
殷,375,2988
媛,375,2989
猖,374,2990
龚,374,2991
盔,374,2992
篡,373,2993
葫,373,2994
祎,373,2995
藤,371,2996
钜,371,2997
壹,371,2998
赦,371,2999
瑄,370,3000
逍,370,3001
蕴,370,3002
渊,369,3003
醛,369,3004
讹,368,3005
侮,367,3006
嬛,367,3007
畸,365,3008
诵,365,3009
赡,364,3010
荔,363,3011
卑,362,3012
俑,361,3013
阪,360,3014
阐,360,3015
畔,359,3016
芜,358,3017
诫,358,3018
颓,358,3019
恤,356,3020
翠,356,3021
徕,355,3022
Ⅱ,355,3023
籁,354,3024
啊,354,3025
膺,354,3026
梓,354,3027
煎,353,3028
嘟,353,3029
蚀,353,3030
戟,353,3031
拱,352,3032
蕉,352,3033
饺,351,3034
寞,351,3035
牡,350,3036
吼,349,3037
竖,349,3038
巫,349,3039
捏,349,3040
陋,348,3041
拷,348,3042
吾,346,3043
镖,346,3044
睫,345,3045
敷,344,3046
淄,344,3047
飓,343,3048
喘,343,3049
饷,342,3050
祀,342,3051
寝,342,3052
屹,341,3053
鄱,340,3054
妄,340,3055
拽,340,3056
珞,340,3057
罄,338,3058
岐,338,3059
珀,337,3060
矮,337,3061
丙,335,3062
呢,335,3063
泣,335,3064
搂,335,3065
疹,334,3066
暧,334,3067
抨,333,3068
遛,333,3069
枕,333,3070
钧,333,3071
冉,333,3072
铂,332,3073
奎,331,3074
凹,331,3075
蠢,329,3076
晏,328,3077
秉,328,3078
涩,327,3079
剃,327,3080
痒,326,3081
Ⅳ,326,3082
垦,326,3083
罂,326,3084
呦,326,3085
衬,326,3086
陇,325,3087
窒,325,3088
蹿,324,3089
瞩,323,3090
窖,323,3091
筝,323,3092
擂,322,3093
绊,322,3094
雏,322,3095
簿,321,3096
栓,321,3097
庇,321,3098
桦,319,3099
灶,319,3100
碁,319,3101
蜀,318,3102
炜,318,3103
璧,318,3104
掺,318,3105
锂,317,3106
Ⅲ,316,3107
丐,316,3108
颅,316,3109
嗨,316,3110
臀,315,3111
髦,315,3112
脐,314,3113
峨,314,3114
鞠,314,3115
冶,311,3116
芮,311,3117
咎,311,3118
沾,311,3119
橡,310,3120
婕,309,3121
讴,309,3122
炬,309,3123
窍,309,3124
汹,309,3125
禧,304,3126
恭,303,3127
郅,303,3128
蚕,302,3129
絮,301,3130
芈,299,3131
忏,298,3132
幌,298,3133
袱,297,3134
蘑,297,3135
拎,297,3136
笨,297,3137
钰,296,3138
蝴,296,3139
阎,296,3140
琨,296,3141
斐,295,3142
嘘,295,3143
羁,295,3144
晃,295,3145
烹,295,3146
葵,295,3147
诬,295,3148
粱,295,3149
拌,293,3150
庐,293,3151
燥,293,3152
谤,293,3153
蹊,293,3154
獗,291,3155
墩,291,3156
剁,291,3157
潇,291,3158
冥,289,3159
寥,288,3160
孜,287,3161
袜,287,3162
窥,287,3163
饵,287,3164
茹,286,3165
樊,286,3166
钙,286,3167
楷,286,3168
疤,286,3169
诽,286,3170
煽,284,3171
歆,284,3172
夯,283,3173
肪,283,3174
肘,283,3175
掴,280,3176
苯,280,3177
墟,280,3178
斋,280,3179
宛,279,3180
堕,279,3181
徙,278,3182
烛,278,3183
卦,277,3184
滤,276,3185
茵,275,3186
癫,275,3187
祠,275,3188
梵,275,3189
辍,274,3190
帘,273,3191
浸,273,3192
汾,272,3193
夭,272,3194
袂,270,3195
惟,270,3196
蛟,269,3197
莆,269,3198
俯,268,3199
噩,266,3200
枫,266,3201
蹄,265,3202
蟒,265,3203
淤,264,3204
葱,264,3205
酣,264,3206
芙,263,3207
掠,263,3208
恳,263,3209
喻,263,3210
菏,261,3211
驭,261,3212
稍,260,3213
澎,259,3214
哒,259,3215
渭,259,3216
枉,257,3217
撇,257,3218
跤,257,3219
洼,257,3220
螃,256,3221
镀,256,3222
骐,256,3223
羹,256,3224
蜕,256,3225
韧,256,3226
韬,256,3227
逅,255,3228
橘,255,3229
皓,254,3230
腥,254,3231
邂,253,3232
锈,253,3233
郜,251,3234
辗,250,3235
纬,250,3236
徘,250,3237
&,250,3238
稠,250,3239
陡,250,3240
痘,250,3241
徊,249,3242
乖,249,3243
彪,249,3244
娩,248,3245
邸,248,3246
槌,248,3247
驿,248,3248
逞,248,3249
邑,248,3250
殒,247,3251
哽,247,3252
辙,246,3253
滕,246,3254
禺,244,3255
粘,244,3256
丫,244,3257
祁,244,3258
晟,244,3259
馒,244,3260
溥,242,3261
釜,242,3262
蹦,241,3263
彝,241,3264
茄,241,3265
哮,241,3266
犁,240,3267
懈,239,3268
棕,239,3269
爪,238,3270
沁,237,3271
娄,237,3272
膨,236,3273
绚,235,3274
魄,235,3275
沛,235,3276
掰,235,3277
痫,234,3278
唁,233,3279
禾,232,3280
芃,232,3281
陨,231,3282
耽,231,3283
砺,230,3284
鹃,230,3285
绥,229,3286
癖,228,3287
谬,228,3288
糯,226,3289
灼,226,3290
沐,226,3291
瑕,226,3292
郴,226,3293
悚,225,3294
膊,224,3295
遴,224,3296
屎,224,3297
躬,224,3298
缤,224,3299
烽,223,3300
狸,223,3301
苓,223,3302
祛,223,3303
甥,222,3304
渺,222,3305
陀,221,3306
柿,221,3307
骋,220,3308
勺,220,3309
衢,220,3310
碱,220,3311
诡,219,3312
眷,219,3313
耿,219,3314
珺,219,3315
厮,219,3316
榕,218,3317
岚,218,3318
驯,218,3319
雍,217,3320
栈,217,3321
凿,217,3322
苛,216,3323
溶,216,3324
阀,215,3325
渲,215,3326
揣,214,3327
讧,214,3328
蒲,213,3329
吆,213,3330
宥,213,3331
丞,213,3332
焊,213,3333
嚼,213,3334
骊,212,3335
黯,212,3336
嗽,211,3337
瀑,211,3338
抠,211,3339
嗓,210,3340
霁,210,3341
霄,210,3342
迄,209,3343
聆,209,3344
谒,209,3345
酪,208,3346
芸,208,3347
琅,208,3348
剔,208,3349
伺,207,3350
褪,207,3351
>,207,3352
纶,206,3353
舵,206,3354
玖,205,3355
檬,205,3356
庾,205,3357
姬,205,3358
殇,205,3359
骥,204,3360
咱,204,3361
疮,204,3362
憋,204,3363
媲,204,3364
蝠,203,3365
螂,203,3366
鏖,203,3367
屌,202,3368
绷,202,3369
绞,202,3370
扼,202,3371
梧,202,3372
=,201,3373
蝙,201,3374
獒,201,3375
烊,201,3376
嗜,200,3377
踝,200,3378
倩,200,3379
荟,200,3380
厥,199,3381
褒,199,3382
侍,199,3383
赐,198,3384
裴,198,3385
濛,198,3386
锚,197,3387
噬,197,3388
羚,197,3389
沼,197,3390
氓,196,3391
钮,196,3392
竿,196,3393
煞,196,3394
隙,195,3395
诟,195,3396
蚌,194,3397
拇,194,3398
怠,193,3399
讪,193,3400
煲,192,3401
棠,192,3402
妓,192,3403
鹭,192,3404
铐,191,3405
缢,191,3406
沽,191,3407
瑚,191,3408
隽,191,3409
灸,189,3410
峪,189,3411
洙,189,3412
侗,188,3413
僻,188,3414
笋,188,3415
屑,186,3416
<,186,3417
帜,186,3418
喇,185,3419
辫,185,3420
晾,185,3421
鹈,185,3422
豁,185,3423
榨,185,3424
狭,184,3425
禹,184,3426
獐,184,3427
蔷,184,3428
卒,183,3429
苇,183,3430
篱,182,3431
汝,182,3432
妒,181,3433
琛,180,3434
翟,180,3435
卉,180,3436
讶,180,3437
弩,179,3438
掳,179,3439
孀,179,3440
妩,178,3441
鹕,178,3442
撂,178,3443
饪,177,3444
梭,176,3445
踊,176,3446
簧,176,3447
疵,176,3448
皂,176,3449
刁,175,3450
茧,175,3451
㎡,175,3452
璨,175,3453
萤,175,3454
∶,174,3455
趾,174,3456
弑,174,3457
匾,174,3458
尧,174,3459
氨,173,3460
跆,173,3461
嬉,173,3462
痊,173,3463
杖,173,3464
砥,173,3465
泵,172,3466
祷,172,3467
敖,172,3468
恙,171,3469
蟑,171,3470
绛,171,3471
秤,171,3472
羌,170,3473
抉,170,3474
掖,170,3475
蒿,169,3476
漩,169,3477
’,169,3478
酗,169,3479
剐,169,3480
泗,169,3481
窨,168,3482
瞌,168,3483
睁,168,3484
札,167,3485
锌,167,3486
沸,167,3487
匮,166,3488
杞,166,3489
藻,166,3490
侥,166,3491
巍,165,3492
憨,165,3493
嵩,165,3494
槐,165,3495
;,165,3496
揍,164,3497
藩,164,3498
皱,163,3499
诿,163,3500
慷,163,3501
眸,162,3502
氯,162,3503
怜,162,3504
～,162,3505
缪,161,3506
乍,161,3507
猕,160,3508
赈,160,3509
嵌,160,3510
虞,160,3511
鲇,159,3512
锏,159,3513
镍,159,3514
嫉,159,3515
栅,158,3516
铮,158,3517
岌,158,3518
＂,158,3519
吟,157,3520
搓,157,3521
崭,157,3522
氮,157,3523
倚,157,3524
隶,155,3525
讳,155,3526
翡,155,3527
玺,155,3528
颤,155,3529
氰,154,3530
２,154,3531
黏,154,3532
铀,153,3533
溉,152,3534
膳,152,3535
摒,152,3536
镶,152,3537
悖,152,3538
麒,152,3539
姥,151,3540
稚,151,3541
寇,150,3542
宕,150,3543
缇,149,3544
烘,149,3545
仆,149,3546
崽,149,3547
胳,149,3548
嘛,149,3549
嗅,149,3550
郡,149,3551
疚,149,3552
幢,149,3553
懋,148,3554
愉,148,3555
笈,148,3556
掣,148,3557
胚,147,3558
憬,147,3559
嬅,147,3560
钊,147,3561
坷,147,3562
秧,146,3563
憧,146,3564
镕,146,3565
纾,145,3566
镁,145,3567
瞪,145,3568
矢,145,3569
妲,145,3570
榔,145,3571
芋,145,3572
‘,145,3573
~,144,3574
],144,3575
[,144,3576
蜥,144,3577
唆,144,3578
吋,144,3579
哗,143,3580
拣,143,3581
琊,143,3582
１,143,3583
菠,143,3584
娟,142,3585
琉,142,3586
彗,142,3587
雌,142,3588
昙,141,3589
妞,141,3590
秃,141,3591
镯,141,3592
椰,140,3593
刨,140,3594
馊,140,3595
炀,140,3596
矣,139,3597
暮,139,3598
娴,139,3599
蜇,139,3600
祟,139,3601
狩,139,3602
炖,138,3603
鲶,138,3604
艮,138,3605
胰,138,3606
臻,138,3607
惫,137,3608
唬,137,3609
茉,137,3610
伎,137,3611
牒,136,3612
溅,136,3613
锵,136,3614
旷,136,3615
砚,136,3616
岑,136,3617
辄,135,3618
柚,134,3619
籽,134,3620
卤,134,3621
汲,134,3622
柠,134,3623
撩,133,3624
戍,133,3625
觑,133,3626
蕊,133,3627
匡,133,3628
碌,133,3629
诋,133,3630
哇,132,3631
睦,132,3632
骅,132,3633
叭,131,3634
菁,131,3635
咙,131,3636
蛰,130,3637
钠,130,3638
烙,130,3639
橱,130,3640
迥,130,3641
铿,130,3642
绰,130,3643
鹊,130,3644
萃,130,3645
衙,129,3646
璀,129,3647
钛,129,3648
圩,129,3649
孚,128,3650
戎,128,3651
膛,128,3652
羲,128,3653
芹,128,3654
茬,128,3655
泓,127,3656
倦,127,3657
肛,127,3658
炊,127,3659
猿,127,3660
滁,127,3661
麓,126,3662
赝,126,3663
铠,126,3664
吏,126,3665
棱,125,3666
嘻,125,3667
闰,125,3668
琰,125,3669
漓,125,3670
斡,125,3671
趵,125,3672
缚,125,3673
泌,125,3674
哆,124,3675
瑛,124,3676
蕙,124,3677
婶,124,3678
榈,124,3679
蛀,124,3680
萱,124,3681
翱,123,3682
痰,123,3683
儋,123,3684
帚,123,3685
呐,123,3686
赟,122,3687
×,122,3688
忻,122,3689
谩,122,3690
鹦,121,3691
奚,121,3692
馍,121,3693
鸳,120,3694
飚,120,3695
皋,120,3696
亢,120,3697
鸯,120,3698
铉,120,3699
沱,119,3700
嘎,119,3701
筐,119,3702
窿,119,3703
岷,118,3704
竺,118,3705
桔,118,3706
汞,118,3707
剽,118,3708
叩,118,3709
祉,118,3710
痼,118,3711
|,118,3712
瑙,118,3713
侏,118,3714
喧,118,3715
抡,118,3716
莽,117,3717
炯,117,3718
笙,117,3719
昵,117,3720
韭,117,3721
廓,117,3722
鳞,116,3723
舔,116,3724
匕,116,3725
藉,115,3726
亥,115,3727
喵,115,3728
鹉,115,3729
畴,115,3730
拄,114,3731
搀,114,3732
鲤,114,3733
j,114,3734
恪,114,3735
噎,114,3736
柄,114,3737
粕,114,3738
淞,114,3739
簸,113,3740
菩,113,3741
熠,113,3742
拧,113,3743
抒,113,3744
疟,113,3745
琥,113,3746
棘,112,3747
荫,112,3748
琢,112,3749
虏,111,3750
０,111,3751
骼,111,3752
壕,111,3753
尉,111,3754
檐,110,3755
盏,110,3756
蛊,110,3757
辕,110,3758
浒,110,3759
耄,109,3760
帼,109,3761
朽,109,3762
瞿,109,3763
潼,108,3764
拴,108,3765
酉,108,3766
耋,108,3767
呀,107,3768
眨,107,3769
腩,107,3770
瞳,107,3771
狄,107,3772
枸,107,3773
搐,107,3774
蔗,106,3775
咚,106,3776
诅,106,3777
纂,106,3778
佯,105,3779
氟,105,3780
臆,105,3781
褚,105,3782
鄙,105,3783
槃,105,3784
鱿,105,3785
畲,105,3786
甬,104,3787
皙,104,3788
痞,104,3789
Ⅰ,104,3790
瓣,104,3791
貂,104,3792
５,104,3793
藕,103,3794
鲟,103,3795
赊,103,3796
叨,103,3797
囱,103,3798
箔,103,3799
踵,103,3800
蔑,103,3801
挎,103,3802
璞,103,3803
裆,103,3804
炙,102,3805
璋,102,3806
袒,102,3807
嬷,102,3808
糗,101,3809
荤,101,3810
岱,101,3811
莠,101,3812
跋,100,3813
涤,100,3814
瓮,100,3815
	,100,3816
眶,99,3817
沥,99,3818
磐,99,3819
渍,99,3820
瞧,99,3821
町,99,3822
峭,99,3823
靳,98,3824
唠,98,3825
踞,98,3826
偕,98,3827
轼,98,3828
酥,98,3829
熹,97,3830
怼,97,3831
佘,97,3832
漱,97,3833
恍,97,3834
梢,97,3835
腌,97,3836
蚤,97,3837
忐,97,3838
豌,97,3839
忑,97,3840
谏,97,3841
淆,96,3842
佼,96,3843
玟,95,3844
漯,95,3845
茗,95,3846
玥,95,3847
≠,95,3848
轶,95,3849
碉,95,3850
腱,95,3851
遁,94,3852
坯,94,3853
碘,94,3854
溧,94,3855
偎,94,3856
燎,94,3857
脓,94,3858
臼,94,3859
铛,93,3860
惺,93,3861
涪,93,3862
瞰,92,3863
姝,92,3864
暇,92,3865
肴,92,3866
惋,91,3867
驹,91,3868
q,91,3869
癣,91,3870
惦,91,3871
睢,90,3872
昱,90,3873
锥,90,3874
颊,90,3875
篆,90,3876
妊,90,3877
觊,89,3878
拙,89,3879
笠,89,3880
疙,89,3881
揉,89,3882
觎,89,3883
郫,89,3884
妪,89,3885
挚,89,3886
盹,89,3887
瘩,88,3888
芷,88,3889
滦,88,3890
叼,88,3891
娠,88,3892
沓,88,3893
嚎,87,3894
鳖,87,3895
３,87,3896
涮,87,3897
於,87,3898
琏,87,3899
苟,86,3900
佰,86,3901
澈,86,3902
毓,86,3903
钳,86,3904
瑾,86,3905
宸,86,3906
磷,86,3907
砌,86,3908
唾,86,3909
狡,85,3910
怂,85,3911
莺,85,3912
焉,85,3913
Ａ,85,3914
姊,85,3915
堃,85,3916
睾,85,3917
瘟,85,3918
樵,84,3919
搡,84,3920
沮,84,3921
嗑,84,3922
恕,84,3923
婺,84,3924
．,83,3925
栩,83,3926
涿,83,3927
穹,83,3928
沅,83,3929
#,83,3930
汐,83,3931
骇,83,3932
馋,83,3933
疡,82,3934
灏,82,3935
盎,82,3936
悴,82,3937
腮,82,3938
拮,82,3939
砷,82,3940
濠,82,3941
憔,82,3942
铎,81,3943
蝎,81,3944
诃,81,3945
垣,81,3946
摁,81,3947
觐,81,3948
飒,80,3949
亳,80,3950
孪,80,3951
翩,80,3952
惶,80,3953
４,80,3954
稼,80,3955
眩,79,3956
胤,79,3957
糙,79,3958
伶,78,3959
阆,78,3960
懵,78,3961
硒,78,3962
鸠,78,3963
撮,77,3964
鄢,77,3965
筵,77,3966
泾,77,3967
榷,77,3968
咕,77,3969
痣,77,3970
讥,77,3971
炕,77,3972
涟,76,3973
婧,76,3974
嵘,76,3975
嫡,76,3976
兖,76,3977
蛆,76,3978
擘,75,3979
烷,75,3980
嘿,75,3981
酌,75,3982
哦,75,3983
浊,74,3984
桨,74,3985
蹴,74,3986
圃,74,3987
摹,74,3988
赘,74,3989
褐,74,3990
倌,74,3991
孰,73,3992
懿,73,3993
蚝,73,3994
奂,73,3995
呗,73,3996
琶,72,3997
珲,72,3998
惰,72,3999
塾,72,4000
钨,72,4001
殆,71,4002
臧,71,4003
戌,71,4004
阑,71,4005
耘,71,4006
瀚,71,4007
贻,71,4008
奘,70,4009
耸,70,4010
饕,70,4011
迸,70,4012
怯,70,4013
毋,70,4014
铤,70,4015
淌,70,4016
砝,70,4017
岔,69,4018
蜴,69,4019
沭,69,4020
呷,69,4021
鹳,69,4022
秭,69,4023
拭,69,4024
姣,68,4025
琵,68,4026
嬗,68,4027
毗,68,4028
鄞,68,4029
鸵,68,4030
胺,68,4031
蜓,68,4032
霹,68,4033
６,68,4034
筏,68,4035
洮,68,4036
皈,67,4037
袄,67,4038
罍,67,4039
嚏,67,4040
撵,67,4041
涕,67,4042
蓟,66,4043
钵,66,4044
榻,66,4045
笆,66,4046
钾,66,4047
酮,66,4048
楂,66,4049
咀,66,4050
箫,66,4051
苔,66,4052
瓯,65,4053
７,65,4054
兮,65,4055
筠,65,4056
痹,65,4057
蜻,65,4058
耆,65,4059
咫,65,4060
疱,65,4061
凋,65,4062
匀,64,4063
畿,64,4064
弧,64,4065
褂,64,4066
 ,64,4067
咄,64,4068
泯,64,4069
痔,64,4070
蔺,64,4071
疽,64,4072
襟,64,4073
湟,63,4074
馥,63,4075
蔻,63,4076
躯,63,4077
凄,63,4078
雳,63,4079
矾,63,4080
殓,63,4081
趸,63,4082
崴,63,4083
魇,63,4084
湃,62,4085
筱,62,4086
缙,62,4087
笃,62,4088
柑,62,4089
恿,62,4090
缰,62,4091
伉,62,4092
９,62,4093
漪,62,4094
浣,62,4095
薰,61,4096
掮,61,4097
镳,61,4098
漾,61,4099
阂,61,4100
铢,61,4101
霏,60,4102
皿,60,4103
弛,60,4104
咆,60,4105
卞,60,4106
珂,60,4107
荃,60,4108
冼,60,4109
隼,59,4110
隍,59,4111
咐,59,4112
罔,59,4113
胱,59,4114
缕,59,4115
桢,59,4116
蛤,59,4117
蛾,58,4118
钗,58,4119
钝,58,4120
犊,58,4121
鳍,58,4122
涠,58,4123
嗝,58,4124
氪,58,4125
锄,58,4126
坂,57,4127
徇,57,4128
砒,57,4129
缄,57,4130
屉,57,4131
哉,57,4132
牦,57,4133
镉,57,4134
Ⅴ,57,4135
栾,56,4136
跛,56,4137
吝,56,4138
茸,56,4139
邛,56,4140
唏,56,4141
弋,56,4142
钚,56,4143
獭,55,4144
焙,55,4145
釉,55,4146
蜱,55,4147
斓,55,4148
攸,55,4149
紊,55,4150
戮,55,4151
庵,55,4152
舛,55,4153
祯,55,4154
垸,55,4155
褥,54,4156
婪,54,4157
涸,54,4158
邬,54,4159
眈,54,4160
蹒,54,4161
淖,54,4162
惚,54,4163
缭,54,4164
迦,54,4165
菅,54,4166
鼾,54,4167
哼,54,4168
鳗,54,4169
跚,54,4170
珉,54,4171
朦,54,4172
镂,54,4173
啄,53,4174
眯,53,4175
惮,53,4176
勐,53,4177
涞,53,4178
甯,53,4179
惬,53,4180
遢,53,4181
蹋,53,4182
邋,53,4183
隘,53,4184
羣,53,4185
蹬,53,4186
橇,53,4187
廿,52,4188
噜,52,4189
浚,52,4190
餮,52,4191
嵊,52,4192
瘸,52,4193
胧,52,4194
蟾,52,4195
倔,51,4196
醴,51,4197
烁,51,4198
轲,51,4199
镣,51,4200
讷,51,4201
渥,50,4202
冢,50,4203
撅,50,4204
墉,50,4205
螨,50,4206
忡,50,4207
蝗,50,4208
荼,50,4209
磺,50,4210
藿,50,4211
泠,50,4212
炽,50,4213
侬,50,4214
茱,50,4215
８,50,4216
烬,50,4217
锰,49,4218
涎,49,4219
娆,49,4220
渚,49,4221
匝,49,4222
硼,49,4223
淼,49,4224
拂,49,4225
°,49,4226
芥,49,4227
螳,49,4228
戾,49,4229
荥,49,4230
盂,48,4231
柁,48,4232
诩,48,4233
掂,48,4234
骡,48,4235
鞘,48,4236
捶,48,4237
栎,48,4238
楞,48,4239
箩,48,4240
诏,48,4241
暌,48,4242
瀛,47,4243
柩,47,4244
倭,47,4245
椁,47,4246
怄,47,4247
臃,47,4248
耒,47,4249
腭,47,4250
稞,47,4251
垢,47,4252
茁,47,4253
匍,46,4254
吠,46,4255
胄,46,4256
祐,46,4257
咧,46,4258
啕,46,4259
蚯,46,4260
蚓,46,4261
匐,46,4262
晦,46,4263
噘,46,4264
疴,46,4265
萩,45,4266
寰,45,4267
莅,45,4268
钼,45,4269
缀,45,4270
煜,45,4271
涣,45,4272
柘,45,4273
凇,45,4274
膘,45,4275
尕,45,4276
蜈,45,4277
厝,45,4278
峒,45,4279
铬,44,4280
崆,44,4281
揩,44,4282
骷,44,4283
／,44,4284
羔,44,4285
犸,44,4286
髅,44,4287
虱,44,4288
啼,44,4289
蚣,44,4290
燮,44,4291
腆,44,4292
丕,44,4293
弼,43,4294
堑,43,4295
偃,43,4296
焖,43,4297
懊,43,4298
澧,43,4299
陲,43,4300
缨,43,4301
钒,43,4302
啖,43,4303
怵,42,4304
兢,42,4305
燊,42,4306
遐,42,4307
涧,42,4308
舫,42,4309
咔,42,4310
麝,42,4311
猬,42,4312
瓢,42,4313
诧,42,4314
贮,42,4315
岫,42,4316
恬,42,4317
孺,42,4318
箴,42,4319
梆,41,4320
藐,41,4321
粑,41,4322
奄,41,4323
胥,41,4324
傣,41,4325
麂,41,4326
毽,41,4327
烃,41,4328
茎,41,4329
诛,41,4330
鹮,41,4331
棣,40,4332
憩,40,4333
咘,40,4334
腼,40,4335
滔,40,4336
陉,40,4337
拗,40,4338
夙,40,4339
犒,40,4340
坨,40,4341
暄,40,4342
蹚,40,4343
铊,39,4344
懦,39,4345
瞭,39,4346
砀,39,4347
Ｐ,39,4348
潦,39,4349
泔,39,4350
慵,39,4351
樾,39,4352
镰,39,4353
吒,39,4354
鸩,39,4355
馗,39,4356
圻,39,4357
孢,39,4358
淬,39,4359
麾,39,4360
锹,39,4361
蓓,38,4362
睬,38,4363
锢,38,4364
胯,38,4365
崃,38,4366
弭,38,4367
悸,38,4368
垛,38,4369
\,38,4370
瞅,38,4371
暹,38,4372
毡,37,4373
蛳,37,4374
眙,37,4375
惭,37,4376
酶,37,4377
翎,37,4378
枰,37,4379
哔,37,4380
盱,37,4381
荚,37,4382
肮,37,4383
迂,37,4384
撸,37,4385
蜷,37,4386
寮,37,4387
砳,36,4388
珙,36,4389
耙,36,4390
衩,36,4391
狈,36,4392
蕃,36,4393
蜃,36,4394
孽,36,4395
椿,36,4396
铨,36,4397
蟆,36,4398
啬,36,4399
矗,36,4400
诓,36,4401
凛,36,4402
瘪,36,4403
熨,36,4404
驮,36,4405
崂,35,4406
幡,35,4407
眺,35,4408
陂,35,4409
岘,35,4410
疝,35,4411
镭,35,4412
氦,35,4413
刽,35,4414
珑,35,4415
胭,35,4416
綦,35,4417
谛,34,4418
巿,34,4419
濑,34,4420
馕,34,4421
鳝,34,4422
扈,34,4423
蕲,34,4424
谚,34,4425
泞,34,4426
楹,34,4427
峯,34,4428
篓,34,4429
篑,34,4430
吭,34,4431
攥,34,4432
沌,34,4433
蛎,34,4434
樑,34,4435
邺,33,4436
蓥,33,4437
邡,33,4438
裳,33,4439
酯,33,4440
抿,33,4441
钴,33,4442
嗦,33,4443
萦,33,4444
喱,33,4445
@,33,4446
蘸,33,4447
阡,33,4448
壑,33,4449
锒,33,4450
唑,32,4451
蠕,32,4452
枷,32,4453
渟,32,4454
沣,32,4455
捎,32,4456
赓,32,4457
埗,32,4458
髻,32,4459
阄,32,4460
弢,32,4461
呱,32,4462
簪,32,4463
傩,32,4464
恃,32,4465
腋,32,4466
郧,32,4467
嗲,32,4468
覃,31,4469
泷,31,4470
憎,31,4471
迢,31,4472
佗,31,4473
埂,31,4474
潟,31,4475
郦,31,4476
铆,31,4477
昀,31,4478
浔,31,4479
煊,31,4480
昇,31,4481
斛,31,4482
龋,31,4483
颌,31,4484
鹫,31,4485
嘶,31,4486
玷,31,4487
茴,30,4488
俨,30,4489
；,30,4490
璠,30,4491
纭,30,4492
毂,30,4493
嚷,30,4494
玳,30,4495
瞠,30,4496
澍,30,4497
逵,30,4498
痧,30,4499
峁,30,4500
猾,30,4501
敕,29,4502
。,29,4503
玏,29,4504
搔,29,4505
濞,29,4506
牍,29,4507
菡,29,4508
嗡,29,4509
谑,29,4510
喋,29,4511
佚,29,4512
鹑,29,4513
谧,29,4514
叵,29,4515
揖,29,4516
烩,29,4517
邳,29,4518
龈,29,4519
滢,29,4520
簋,29,4521
鹌,29,4522
骞,29,4523
汨,29,4524
戊,28,4525
庶,28,4526
薅,28,4527
呜,28,4528
妤,28,4529
仟,28,4530
銮,28,4531
妾,28,4532
蛐,28,4533
榭,28,4534
邝,28,4535
簇,28,4536
舸,28,4537
霓,28,4538
桅,28,4539
稷,28,4540
鳅,28,4541
浜,28,4542
稣,28,4543
珮,28,4544
朕,28,4545
珐,27,4546
蠡,27,4547
邈,27,4548
瘀,27,4549
婊,27,4550
揄,27,4551
睽,27,4552
摞,27,4553
杷,27,4554
砾,27,4555
蹂,27,4556
攫,27,4557
哏,27,4558
锭,27,4559
遨,27,4560
邕,27,4561
坳,27,4562
铧,27,4563
佤,27,4564
愕,27,4565
揶,27,4566
躏,27,4567
掬,27,4568
挞,26,4569
藜,26,4570
礴,26,4571
阚,26,4572
酚,26,4573
狞,26,4574
杳,26,4575
饨,26,4576
狰,26,4577
纫,26,4578
哩,26,4579
霰,26,4580
湍,26,4581
旻,26,4582
鄯,26,4583
飕,26,4584
璟,26,4585
侑,26,4586
桧,26,4587
冗,26,4588
馄,26,4589
昉,26,4590
麋,26,4591
绢,26,4592
谙,26,4593
驸,26,4594
帛,26,4595
狒,26,4596
擀,26,4597
鲲,25,4598
樯,25,4599
黍,25,4600
榉,25,4601
鲫,25,4602
茯,25,4603
庹,25,4604
芊,25,4605
俺,25,4606
癀,25,4607
锑,25,4608
圄,25,4609
扉,25,4610
禀,25,4611
搪,25,4612
枇,25,4613
媺,25,4614
挛,25,4615
髋,25,4616
聿,25,4617
帧,25,4618
囹,25,4619
颉,25,4620
儆,25,4621
鬃,25,4622
诣,25,4623
蝌,24,4624
瘙,24,4625
骰,24,4626
锺,24,4627
惘,24,4628
枞,24,4629
寐,24,4630
悯,24,4631
祚,24,4632
蚪,24,4633
蜍,24,4634
莒,24,4635
傀,24,4636
拈,24,4637
彷,24,4638
玹,24,4639
镊,24,4640
羸,24,4641
泅,24,4642
栀,24,4643
碴,24,4644
娲,24,4645
儡,24,4646
檄,23,4647
疍,23,4648
锲,23,4649
溟,23,4650
蔫,23,4651
忱,23,4652
淅,23,4653
獠,23,4654
殁,23,4655
梏,23,4656
讣,23,4657
碜,23,4658
徨,23,4659
痍,23,4660
秣,23,4661
龅,23,4662
曳,23,4663
蟀,23,4664
蟋,23,4665
猷,23,4666
桎,23,4667
焯,23,4668
焱,23,4669
谟,23,4670
舷,23,4671
嗯,23,4672
俚,23,4673
痉,23,4674
颚,23,4675
栃,23,4676
曜,23,4677
褶,22,4678
鎏,22,4679
雒,22,4680
斟,22,4681
窈,22,4682
哟,22,4683
痱,22,4684
腑,22,4685
濡,22,4686
阉,22,4687
诤,22,4688
湮,22,4689
謇,22,4690
愫,22,4691
鬣,22,4692
啰,22,4693
嗷,22,4694
岖,22,4695
昺,21,4696
谳,21,4697
纰,21,4698
鸮,21,4699
瘁,21,4700
哎,21,4701
窕,21,4702
埼,21,4703
砗,21,4704
莘,21,4705
＊,21,4706
铯,21,4707
膦,21,4708
濂,21,4709
旌,21,4710
劵,21,4711
煦,21,4712
咯,21,4713
阙,21,4714
嗒,21,4715
囍,21,4716
蜚,21,4717
忿,21,4718
磲,21,4719
鹞,21,4720
嘈,21,4721
飨,20,4722
颦,20,4723
襁,20,4724
泫,20,4725
萁,20,4726
蟊,20,4727
恸,20,4728
痨,20,4729
玑,20,4730
啧,20,4731
潸,20,4732
吱,20,4733
骛,20,4734
肄,20,4735
褓,20,4736
瞥,20,4737
囵,19,4738
犷,19,4739
犇,19,4740
瑁,19,4741
嗣,19,4742
躇,19,4743
砣,19,4744
婀,19,4745
葺,19,4746
莴,19,4747
楣,19,4748
虔,19,4749
畊,19,4750
帑,19,4751
珅,19,4752
戕,19,4753
俸,19,4754
卯,19,4755
蚧,19,4756
黜,19,4757
摈,19,4758
馏,19,4759
鲛,19,4760
噶,19,4761
樽,19,4762
诙,19,4763
檗,19,4764
荨,19,4765
篝,19,4766
é,19,4767
龛,19,4768
潞,19,4769
蕨,19,4770
糠,19,4771
囫,19,4772
蟠,19,4773
攘,19,4774
痿,18,4775
癔,18,4776
忒,18,4777
垩,18,4778
裟,18,4779
漕,18,4780
Ｃ,18,4781
钯,18,4782
裱,18,4783
獾,18,4784
珏,18,4785
痢,18,4786
兀,18,4787
舢,18,4788
踮,18,4789
荞,18,4790
糜,18,4791
腴,18,4792
怦,18,4793
黝,18,4794
頫,18,4795
忾,18,4796
袈,18,4797
镝,18,4798
掸,18,4799
〉,18,4800
泱,18,4801
噤,18,4802
饯,18,4803
啪,18,4804
炷,18,4805
坻,18,4806
蒗,18,4807
〈,18,4808
塬,18,4809
蛭,17,4810
愣,17,4811
堺,17,4812
闾,17,4813
苞,17,4814
硌,17,4815
崐,17,4816
弒,17,4817
＝,17,4818
橹,17,4819
揆,17,4820
镛,17,4821
踌,17,4822
竽,17,4823
芗,17,4824
焐,17,4825
‰,17,4826
圜,17,4827
洄,17,4828
鼬,17,4829
庖,17,4830
砰,17,4831
√,17,4832
脯,17,4833
恫,17,4834
瘘,17,4835
镌,17,4836
〇,17,4837
跺,17,4838
嫘,17,4839
邨,17,4840
捱,17,4841
倬,17,4842
Ⅵ,16,4843
蝰,16,4844
孬,16,4845
睑,16,4846
薏,16,4847
蹩,16,4848
驷,16,4849
羿,16,4850
馁,16,4851
唳,16,4852
笺,16,4853
隰,16,4854
幔,16,4855
铡,16,4856
癞,16,4857
籼,16,4858
颢,16,4859
宓,16,4860
瘠,16,4861
磡,16,4862
宦,16,4863
猗,16,4864
鲈,15,4865
鹜,15,4866
翌,15,4867
醮,15,4868
蜢,15,4869
诘,15,4870
芍,15,4871
糍,15,4872
掇,15,4873
徳,15,4874
蠹,15,4875
楔,15,4876
舾,15,4877
貉,15,4878
雉,15,4879
矸,15,4880
醺,15,4881
妯,15,4882
娌,15,4883
喔,15,4884
蚱,15,4885
黩,15,4886
鳕,15,4887
呲,15,4888
郯,15,4889
巳,15,4890
颍,15,4891
Ｅ,15,4892
缎,15,4893
呻,14,4894
捋,14,4895
谲,14,4896
鳇,14,4897
诲,14,4898
谶,14,4899
鸨,14,4900
崑,14,4901
內,14,4902
跬,14,4903
刍,14,4904
邃,14,4905
柞,14,4906
砻,14,4907
堀,14,4908
杓,14,4909
叟,14,4910
嗤,14,4911
垠,14,4912
傈,14,4913
碚,14,4914
吮,14,4915
蹉,14,4916
皑,14,4917
袤,14,4918
珈,14,4919
蛔,14,4920
伢,14,4921
歙,14,4922
醚,14,4923
阈,14,4924
僳,14,4925
鲔,14,4926
喽,14,4927
铳,13,4928
鲎,13,4929
胫,13,4930
椭,13,4931
昶,13,4932
荻,13,4933
擤,13,4934
垚,13,4935
Ｉ,13,4936
鲢,13,4937
鬓,13,4938
踉,13,4939
缜,13,4940
恽,13,4941
涓,13,4942
纣,13,4943
矜,13,4944
孱,13,4945
瓴,13,4946
跎,13,4947
枥,13,4948
潲,13,4949
畹,13,4950
Ｍ,13,4951
唢,13,4952
鹬,13,4953
谕,13,4954
陛,13,4955
蛹,13,4956
铩,13,4957
恣,13,4958
癜,13,4959
峇,13,4960
鞑,13,4961
岿,13,4962
跄,13,4963
溴,13,4964
榊,13,4965
囿,13,4966
龢,13,4967
潋,13,4968
巽,13,4969
靼,13,4970
鳃,13,4971
钕,13,4972
溆,13,4973
徵,13,4974
坭,13,4975
矬,13,4976
笄,13,4977
滘,12,4978
絜,12,4979
荀,12,4980
幺,12,4981
褛,12,4982
_,12,4983
焗,12,4984
丨,12,4985
Ｑ,12,4986
豇,12,4987
薹,12,4988
嫔,12,4989
芪,12,4990
囡,12,4991
汴,12,4992
鸾,12,4993
晞,12,4994
忤,12,4995
＞,12,4996
劼,12,4997
崚,12,4998
咻,12,4999
榘,12,5000
刎,12,5001
狍,12,5002
豺,12,5003
倜,12,5004
葚,12,5005
Ｇ,12,5006
濉,12,5007
幄,12,5008
浠,12,5009
腓,12,5010
惴,12,5011
鲅,12,5012
郗,12,5013
蜊,12,5014
肓,12,5015
剜,12,5016
曰,12,5017
嗖,12,5018
硚,11,5019
璘,11,5020
姘,11,5021
芩,11,5022
锷,11,5023
豸,11,5024
鲷,11,5025
汎,11,5026
蔼,11,5027
溱,11,5028
俣,11,5029
疸,11,5030
桀,11,5031
笕,11,5032
疣,11,5033
晔,11,5034
噌,11,5035
崮,11,5036
±,11,5037
遊,11,5038
骢,11,5039
亘,11,5040
犟,11,5041
砧,11,5042
藓,11,5043
怅,11,5044
旸,11,5045
荠,11,5046
饬,11,5047
煨,11,5048
颧,11,5049
锆,11,5050
赳,11,5051
祼,11,5052
鹘,11,5053
裨,11,5054
鞅,11,5055
箕,11,5056
缂,11,5057
翊,11,5058
→,11,5059
咛,11,5060
瞑,11,5061
娈,11,5062
锟,11,5063
褴,11,5064
璜,11,5065
邗,11,5066
觞,11,5067
璈,11,5068
舀,11,5069
犄,11,5070
铱,11,5071
荪,11,5072
窠,10,5073
艏,10,5074
郓,10,5075
谘,10,5076
垡,10,5077
嶙,10,5078
翀,10,5079
鲀,10,5080
臊,10,5081
灞,10,5082
镚,10,5083
粳,10,5084
呸,10,5085
莜,10,5086
琬,10,5087
袅,10,5088
Ｄ,10,5089
阖,10,5090
叽,10,5091
睨,10,5092
敝,10,5093
蓖,10,5094
劏,10,5095
贰,10,5096
﹒,10,5097
郏,10,5098
蜒,10,5099
俎,10,5100
仃,10,5101
垴,10,5102
辘,10,5103
─,10,5104
甭,10,5105
á,10,5106
镓,10,5107
贲,10,5108
仫,10,5109
蹼,10,5110
钎,10,5111
榛,10,5112
捺,10,5113
琮,10,5114
貘,10,5115
骶,10,5116
渑,10,5117
Ｏ,10,5118
碣,10,5119
︰,10,5120
槎,10,5121
惆,10,5122
苋,10,5123
蚵,10,5124
桉,10,5125
糅,10,5126
蜿,10,5127
羯,10,5128
嬴,10,5129
嶝,10,5130
龊,9,5131
鲠,9,5132
瘆,9,5133
蒨,9,5134
蹶,9,5135
耦,9,5136
珩,9,5137
椤,9,5138
唉,9,5139
旮,9,5140
杈,9,5141
猞,9,5142
喃,9,5143
呤,9,5144
骜,9,5145
盅,9,5146
猁,9,5147
龌,9,5148
揠,9,5149
酩,9,5150
忪,9,5151
爨,9,5152
闳,9,5153
嗔,9,5154
轫,9,5155
阋,9,5156
咂,9,5157
鲵,9,5158
叱,9,5159
桫,9,5160
擢,9,5161
汊,9,5162
舨,9,5163
绦,9,5164
硖,9,5165
鳟,9,5166
淦,9,5167
腈,9,5168
埸,9,5169
肽,9,5170
榫,9,5171
叻,9,5172
绌,9,5173
沏,9,5174
氙,9,5175
旯,9,5176
湧,9,5177
旎,9,5178
撺,9,5179
仝,9,5180
峋,9,5181
睥,9,5182
钏,9,5183
$,9,5184
鋆,9,5185
箅,8,5186
轱,8,5187
啉,8,5188
雎,8,5189
彧,8,5190
靥,8,5191
缬,8,5192
蚶,8,5193
噁,8,5194
貅,8,5195
﹕,8,5196
仄,8,5197
喙,8,5198
蝈,8,5199
｜,8,5200
恻,8,5201
犍,8,5202
髯,8,5203
懑,8,5204
钺,8,5205
蕈,8,5206
谄,8,5207
苣,8,5208
粿,8,5209
娣,8,5210
屐,8,5211
唧,8,5212
娉,8,5213
�,8,5214
詠,8,5215
嘌,8,5216
Ｎ,8,5217
痈,8,5218
桁,8,5219
跶,8,5220
楫,8,5221
祜,8,5222
徉,8,5223
∕,8,5224
搧,8,5225
瓒,8,5226
皎,8,5227
湉,8,5228
钿,8,5229
嵇,8,5230
俾,8,5231
箸,8,5232
僭,8,5233
褫,8,5234
羟,8,5235
佾,8,5236
蟥,8,5237
噙,8,5238
姹,8,5239
貔,8,5240
硐,8,5241
藁,8,5242
鸢,8,5243
鲉,8,5244
徜,8,5245
鲑,8,5246
螭,8,5247
蚜,8,5248
墒,8,5249
橼,8,5250
咤,8,5251
罘,8,5252
冽,8,5253
胪,8,5254
鳐,8,5255
痤,8,5256
™,8,5257
螈,8,5258
倘,8,5259
陟,8,5260
佝,7,5261
Ｂ,7,5262
Ｔ,7,5263
沩,7,5264
榧,7,5265
遑,7,5266
瓠,7,5267
鸬,7,5268
蚩,7,5269
撷,7,5270
缥,7,5271
偻,7,5272
滓,7,5273
娑,7,5274
燧,7,5275
淝,7,5276
鄄,7,5277
踟,7,5278
逖,7,5279
頔,7,5280
绶,7,5281
氤,7,5282
瘴,7,5283
慜,7,5284
椟,7,5285
讫,7,5286
髌,7,5287
瘢,7,5288
鹚,7,5289
锴,7,5290
鬟,7,5291
旖,7,5292
芾,7,5293
虢,7,5294
​,7,5295
箜,7,5296
蚬,7,5297
腚,7,5298
袪,7,5299
氩,7,5300
泮,7,5301
铰,7,5302
浐,7,5303
韫,7,5304
糬,7,5305
篌,7,5306
嚓,7,5307
酰,7,5308
刈,7,5309
砦,7,5310
β,7,5311
绔,7,5312
蝾,7,5313
戬,7,5314
霭,7,5315
Ｈ,7,5316
绫,7,5317
骠,7,5318
舐,7,5319
篙,7,5320
磬,7,5321
茭,7,5322
嘚,7,5323
魟,7,5324
嘹,7,5325
铵,7,5326
氲,7,5327
黟,7,5328
佻,7,5329
锨,7,5330
睇,7,5331
樨,7,5332
蠊,7,5333
缈,7,5334
≈,7,5335
砭,7,5336
湎,7,5337
﻿,7,5338
罡,7,5339
黇,7,5340
缛,7,5341
堇,7,5342
鳜,6,5343
昴,6,5344
逯,6,5345
Ⅶ,6,5346
臾,6,5347
斫,6,5348
怆,6,5349
锶,6,5350
揾,6,5351
骧,6,5352
壬,6,5353
毖,6,5354
豉,6,5355
埭,6,5356
氹,6,5357
澙,6,5358
鸰,6,5359
®,6,5360
＆,6,5361
ｉ,6,5362
踱,6,5363
渉,6,5364
卅,6,5365
煳,6,5366
诨,6,5367
玘,6,5368
剌,6,5369
 ,6,5370
糌,6,5371
矽,6,5372
纨,6,5373
痂,6,5374
鼹,6,5375
抻,6,5376
鳽,6,5377
剎,6,5378
妳,6,5379
劭,6,5380
別,6,5381
孳,6,5382
坜,6,5383
菀,6,5384
畈,6,5385
僰,6,5386
栉,6,5387
Ｆ,6,5388
笞,6,5389
巯,6,5390
泺,6,5391
赑,6,5392
仡,6,5393
焜,6,5394
讦,6,5395
飏,6,5396
鲱,6,5397
≥,6,5398
虺,6,5399
屃,6,5400
³,6,5401
闱,6,5402
崧,6,5403
谥,6,5404
楸,6,5405
笤,6,5406
衮,6,5407
焘,6,5408
鹄,6,5409
诒,6,5410
垕,6,5411
厩,6,5412
峦,6,5413
铄,6,5414
篾,6,5415
娓,6,5416
伫,6,5417
箐,6,5418
婢,6,5419
滹,6,5420
螫,6,5421
荏,6,5422
髹,6,5423
诳,6,5424
啜,6,5425
跖,6,5426
柒,5,5427
鼐,5,5428
塱,5,5429
蘭,5,5430
龇,5,5431
査,5,5432
苒,5,5433
璿,5,5434
蟳,5,5435
ā,5,5436
瓈,5,5437
狷,5,5438
錡,5,5439
塚,5,5440
朐,5,5441
〕,5,5442
柽,5,5443
茌,5,5444
贠,5,5445
〔,5,5446
鬻,5,5447
Ｘ,5,5448
咭,5,5449
俅,5,5450
琇,5,5451
蚨,5,5452
桷,5,5453
龃,5,5454
侩,5,5455
晁,5,5456
蛏,5,5457
苫,5,5458
谀,5,5459
疃,5,5460
喑,5,5461
苜,5,5462
麸,5,5463
炔,5,5464
镒,5,5465
篼,5,5466
蓿,5,5467
婵,5,5468
π,5,5469
蹰,5,5470
竑,5,5471
呃,5,5472
②,5,5473
旼,5,5474
蓑,5,5475
镠,5,5476
铖,5,5477
啮,5,5478
涔,5,5479
鼯,5,5480
呋,5,5481
诰,5,5482
螯,5,5483
擞,5,5484
菟,5,5485
苡,5,5486
粵,5,5487
偾,5,5488
枳,5,5489
钽,5,5490
瓤,5,5491
甗,5,5492
禇,5,5493
酊,5,5494
桡,5,5495
黃,5,5496
骈,5,5497
铣,5,5498
滉,5,5499
汈,5,5500
莼,5,5501
矍,5,5502
铟,5,5503
筚,5,5504
稔,5,5505
鲡,5,5506
孖,5,5507
蹇,5,5508
浃,5,5509
聒,5,5510
苕,5,5511
咩,5,5512
蚴,5,5513
媞,5,5514
嗪,5,5515
鵟,5,5516
龉,5,5517
邴,5,5518
曌,5,5519
邰,5,5520
膻,5,5521
岢,5,5522
沇,5,5523
粲,5,5524
滂,5,5525
荸,5,5526
扪,5,5527
枋,5,5528
肼,4,5529
迤,4,5530
漉,4,5531
飑,4,5532
萸,4,5533
偰,4,5534
髭,4,5535
蝮,4,5536
虬,4,5537
蜉,4,5538
馔,4,5539
丟,4,5540
Ｓ,4,5541
鼋,4,5542
碛,4,5543
潴,4,5544
箓,4,5545
郢,4,5546
啶,4,5547
氚,4,5548
郃,4,5549
膈,4,5550
岜,4,5551
鳡,4,5552
碇,4,5553
垌,4,5554
棂,4,5555
吡,4,5556
龑,4,5557
噢,4,5558
唰,4,5559
眭,4,5560
鹗,4,5561
箬,4,5562
臑,4,5563
砼,4,5564
殄,4,5565
篠,4,5566
豢,4,5567
噼,4,5568
簰,4,5569
桠,4,5570
鲳,4,5571
谪,4,5572
鳔,4,5573
瑷,4,5574
吩,4,5575
箙,4,5576
嗟,4,5577
洵,4,5578
郾,4,5579
掼,4,5580
氇,4,5581
苾,4,5582
趺,4,5583
呎,4,5584
舺,4,5585
椽,4,5586
锗,4,5587
○,4,5588
乩,4,5589
狲,4,5590
靬,4,5591
缫,4,5592
襦,4,5593
晷,4,5594
・,4,5595
埕,4,5596
缶,4,5597
苁,4,5598
咲,4,5599
楝,4,5600
拋,4,5601
沕,4,5602
強,4,5603
鼩,4,5604
夬,4,5605
簠,4,5606
嵬,4,5607
猢,4,5608
菖,4,5609
佶,4,5610
―,4,5611
虒,4,5612
①,4,5613
鹧,4,5614
増,4,5615
猇,4,5616
谔,4,5617
璎,4,5618
粼,4,5619
氆,4,5620
霈,4,5621
纮,4,5622
绀,4,5623
瞟,4,5624
伥,4,5625
芡,4,5626
釆,4,5627
∙,4,5628
踽,4,5629
艋,4,5630
肱,4,5631
禊,4,5632
胴,4,5633
嶂,4,5634
脍,4,5635
衲,4,5636
棻,4,5637
誊,4,5638
垵,4,5639
醪,4,5640
鱲,4,5641
軎,4,5642
搽,4,5643
杩,4,5644
醍,4,5645
吿,4,5646
鸪,4,5647
迩,4,5648
蒡,4,5649
翥,4,5650
蒯,4,5651
濬,4,5652
菘,4,5653
玠,4,5654
炝,3,5655
嘭,3,5656
將,3,5657
蠓,3,5658
粝,3,5659
來,3,5660
翚,3,5661
搥,3,5662
鹋,3,5663
饸,3,5664
霑,3,5665
奁,3,5666
蓁,3,5667
郞,3,5668
莪,3,5669
笪,3,5670
仞,3,5671
橒,3,5672
濯,3,5673
赭,3,5674
」,3,5675
鸲,3,5676
尙,3,5677
盉,3,5678
袆,3,5679
﹪,3,5680
俬,3,5681
扦,3,5682
纻,3,5683
殚,3,5684
鲐,3,5685
铙,3,5686
镫,3,5687
鳊,3,5688
鹩,3,5689
勍,3,5690
奧,3,5691
俳,3,5692
繆,3,5693
嘞,3,5694
檠,3,5695
沖,3,5696
堙,3,5697
晩,3,5698
鬲,3,5699
皲,3,5700
囯,3,5701
Ｋ,3,5702
囔,3,5703
鹀,3,5704
,3,5705
嘬,3,5706
廋,3,5707
霎,3,5708
趄,3,5709
轸,3,5710
篁,3,5711
筼,3,5712
饹,3,5713
–,3,5714
峤,3,5715
铷,3,5716
芫,3,5717
蛉,3,5718
挹,3,5719
岈,3,5720
獴,3,5721
辊,3,5722
埙,3,5723
咿,3,5724
紘,3,5725
捻,3,5726
颔,3,5727
觥,3,5728
垟,3,5729
岙,3,5730
柙,3,5731
颞,3,5732
「,3,5733
犰,3,5734
²,3,5735
僜,3,5736
 ,3,5737
悫,3,5738
蘅,3,5739
骉,3,5740
谝,3,5741
祓,3,5742
孛,3,5743
凼,3,5744
煸,3,5745
俶,3,5746
狳,3,5747
爰,3,5748
仚,3,5749
‧,3,5750
茆,3,5751
谯,3,5752
籺,3,5753
胛,3,5754
鞣,3,5755
诂,3,5756
帏,3,5757
黠,3,5758
楢,3,5759
崁,3,5760
薤,3,5761
氡,3,5762
埜,3,5763
茔,3,5764
溏,3,5765
稅,3,5766
闼,3,5767
枱,3,5768
筜,3,5769
屺,3,5770
贽,3,5771
勰,3,5772
芏,3,5773
鸸,3,5774
茏,3,5775
亓,3,5776
卣,3,5777
铌,3,5778
夔,3,5779
冏,3,5780
哧,3,5781
甑,3,5782
卺,3,5783
義,3,5784
汭,3,5785
競,3,5786
贇,3,5787
苌,3,5788
蝓,3,5789
茼,3,5790
侔,3,5791
崀,3,5792
戗,3,5793
栢,3,5794
襌,3,5795
绂,3,5796
趔,3,5797
苻,3,5798
膑,3,5799
谡,3,5800
痖,3,5801
噗,3,5802
蔸,3,5803
梿,3,5804
減,3,5805
鲽,3,5806
嵿,3,5807
の,3,5808
幷,3,5809
梶,3,5810
淙,3,5811
錞,3,5812
挲,3,5813
钡,3,5814
杵,3,5815
Ｗ,3,5816
椋,3,5817
勠,3,5818
尻,3,5819
孑,3,5820
锃,3,5821
蒉,3,5822
α,3,5823
鱀,3,5824
★,3,5825
鹣,3,5826
煕,3,5827
琯,3,5828
蛞,3,5829
怏,3,5830
贏,3,5831
鹆,2,5832
唛,2,5833
礡,2,5834
遒,2,5835
篥,2,5836
嫒,2,5837
銀,2,5838
砟,2,5839
辇,2,5840
結,2,5841
晢,2,5842
給,2,5843
鲭,2,5844
虻,2,5845
峄,2,5846
锜,2,5847
姒,2,5848
噍,2,5849
幾,2,5850
尅,2,5851
蕗,2,5852
愍,2,5853
锱,2,5854
蛲,2,5855
蓦,2,5856
妺,2,5857
鲥,2,5858
寯,2,5859
稒,2,5860
無,2,5861
沠,2,5862
γ,2,5863
婳,2,5864
佃,2,5865
辻,2,5866
祆,2,5867
鹛,2,5868
叒,2,5869
嘤,2,5870
ｄ,2,5871
鳏,2,5872
畦,2,5873
拚,2,5874
琤,2,5875
筮,2,5876
槭,2,5877
撙,2,5878
迴,2,5879
哂,2,5880
亶,2,5881
躞,2,5882
曺,2,5883
艄,2,5884
珪,2,5885
鮰,2,5886
宬,2,5887
垞,2,5888
唸,2,5889
赅,2,5890
倏,2,5891
骝,2,5892
Λ,2,5893
潖,2,5894
偲,2,5895
悭,2,5896
麐,2,5897
钋,2,5898
垓,2,5899
顆,2,5900
蔘,2,5901
繇,2,5902
嵖,2,5903
撖,2,5904
彘,2,5905
遶,2,5906
磴,2,5907
凕,2,5908
ㄚ,2,5909
镏,2,5910
黒,2,5911
鄠,2,5912
嗞,2,5913
捩,2,5914
胍,2,5915
绻,2,5916
姵,2,5917
呓,2,5918
∞,2,5919
燚,2,5920
骺,2,5921
疥,2,5922
醐,2,5923
壆,2,5924
躅,2,5925
＃,2,5926
赉,2,5927
訇,2,5928
钪,2,5929
滟,2,5930
湊,2,5931
囟,2,5932
韪,2,5933
愠,2,5934
沤,2,5935
钣,2,5936
癸,2,5937
赀,2,5938
啫,2,5939
乜,2,5940
赧,2,5941
萬,2,5942
粦,2,5943
怙,2,5944
麞,2,5945
耷,2,5946
漷,2,5947
熺,2,5948
阗,2,5949
璩,2,5950
Ｖ,2,5951
龍,2,5952
埤,2,5953
驽,2,5954
聩,2,5955
炤,2,5956
燑,2,5957
勔,2,5958
馃,2,5959
艉,2,5960
浡,2,5961
钇,2,5962
韡,2,5963
⑥,2,5964
殭,2,5965
轷,2,5966
樸,2,5967
畑,2,5968
圪,2,5969
洳,2,5970
圏,2,5971
ｅ,2,5972
岬,2,5973
廨,2,5974
澴,2,5975
玦,2,5976
愎,2,5977
踯,2,5978
倥,2,5979
Ⅸ,2,5980
眬,2,5981
缱,2,5982
哖,2,5983
妫,2,5984
饴,2,5985
谗,2,5986
闩,2,5987
辔,2,5988
況,2,5989
玊,2,5990
裾,2,5991
嗳,2,5992
玢,2,5993
④,2,5994
堠,2,5995
筊,2,5996
鸺,2,5997
遽,2,5998
筲,2,5999
▪,2,6000
冇,2,6001
麽,2,6002
苴,2,6003
薮,2,6004
礅,2,6005
盌,2,6006
僡,2,6007
邙,2,6008
葳,2,6009
ǎ,2,6010
馀,2,6011
晣,2,6012
洨,2,6013
辎,2,6014
刣,2,6015
齑,2,6016
翳,2,6017
鯓,2,6018
崤,2,6019
Ⅷ,2,6020
礓,2,6021
垭,2,6022
蝣,2,6023
羑,2,6024
狨,2,6025
憺,2,6026
吶,2,6027
偈,2,6028
薷,2,6029
鼷,2,6030
剉,2,6031
岞,2,6032
』,2,6033
狝,2,6034
匜,2,6035
Ｒ,2,6036
‍,2,6037
槑,2,6038
蕤,2,6039
燏,2,6040
Μ,2,6041
馑,2,6042
扆,2,6043
犴,2,6044
酢,2,6045
汖,2,6046
萋,2,6047
髁,2,6048
琄,2,6049
浈,2,6050
鲮,2,6051
М,2,6052
鲼,2,6053
臬,2,6054
鋹,2,6055
煺,2,6056
暾,2,6057
⑤,2,6058
叕,2,6059
訾,2,6060
轾,2,6061
宮,2,6062
跹,2,6063
卍,2,6064
舂,2,6065
逄,2,6066
鲞,2,6067
燿,2,6068
盥,2,6069
俟,2,6070
狎,2,6071
蕻,2,6072
祗,2,6073
橦,2,6074
疖,2,6075
『,2,6076
牯,2,6077
忖,2,6078
玒,2,6079
蹀,2,6080
髫,2,6081
眜,2,6082
珥,2,6083
氵,2,6084
剡,2,6085
糄,2,6086
嘣,2,6087
榖,2,6088
樘,2,6089
莳,2,6090
﹢,2,6091
鹂,2,6092
與,2,6093
碲,2,6094
榇,2,6095
喹,2,6096
溘,2,6097
髙,2,6098
浉,2,6099
鹠,2,6100
酐,2,6101
诌,2,6102
玕,2,6103
蚍,2,6104
粄,2,6105
晥,2,6106
偬,2,6107
躶,2,6108
抔,2,6109
芎,2,6110
禳,1,6111
蓐,1,6112
跰,1,6113
蹁,1,6114
跐,1,6115
暘,1,6116
铗,1,6117
牁,1,6118
氐,1,6119
僮,1,6120
滙,1,6121
钆,1,6122
迓,1,6123
級,1,6124
逋,1,6125
閤,1,6126
塗,1,6127
尓,1,6128
羱,1,6129
傥,1,6130
楀,1,6131
杼,1,6132
迻,1,6133
餍,1,6134
錾,1,6135
醡,1,6136
璡,1,6137
驫,1,6138
跗,1,6139
圹,1,6140
甍,1,6141
悻,1,6142
闿,1,6143
髡,1,6144
鲖,1,6145
〝,1,6146
豕,1,6147
淯,1,6148
両,1,6149
宍,1,6150
悅,1,6151
鲣,1,6152
枏,1,6153
癯,1,6154
晙,1,6155
哞,1,6156
埝,1,6157
琱,1,6158
鍮,1,6159
岽,1,6160
魑,1,6161
佢,1,6162
洸,1,6163
鑛,1,6164
曩,1,6165
魠,1,6166
‎,1,6167
颙,1,6168
綮,1,6169
開,1,6170
檫,1,6171
皛,1,6172
丏,1,6173
窺,1,6174
嫚,1,6175
鈇,1,6176
齁,1,6177
鉝,1,6178
✕,1,6179
萂,1,6180
褔,1,6181
筅,1,6182
郄,1,6183
鑃,1,6184
矇,1,6185
遹,1,6186
饾,1,6187
劬,1,6188
掲,1,6189
褡,1,6190
ｒ,1,6191
巻,1,6192
丼,1,6193
嵯,1,6194
憷,1,6195
鼍,1,6196
笹,1,6197
恁,1,6198
漖,1,6199
辋,1,6200
朥,1,6201
耜,1,6202
炘,1,6203
哚,1,6204
調,1,6205
溇,1,6206
倨,1,6207
陳,1,6208
糸,1,6209
朊,1,6210
燠,1,6211
坩,1,6212
怔,1,6213
簩,1,6214
統,1,6215
峎,1,6216
鹎,1,6217
費,1,6218
躒,1,6219
橛,1,6220
洺,1,6221
摺,1,6222
鉏,1,6223
抝,1,6224
踬,1,6225
￥,1,6226
蜣,1,6227
椙,1,6228
嶦,1,6229
玿,1,6230
櫆,1,6231
畉,1,6232
橫,1,6233
︓,1,6234
熜,1,6235
飆,1,6236
洰,1,6237
è,1,6238
噓,1,6239
徹,1,6240
籾,1,6241
É,1,6242
煇,1,6243
苷,1,6244
鳘,1,6245
檔,1,6246
锛,1,6247
哋,1,6248
疳,1,6249
蹽,1,6250
瓛,1,6251
潓,1,6252
烣,1,6253
烀,1,6254
搋,1,6255
腧,1,6256
祇,1,6257
菰,1,6258
仼,1,6259
谞,1,6260
隨,1,6261
鞨,1,6262
纡,1,6263
皝,1,6264
詅,1,6265
鈕,1,6266
號,1,6267
畋,1,6268
毦,1,6269
硃,1,6270
煬,1,6271
粬,1,6272
蓠,1,6273
獬,1,6274
嵋,1,6275
優,1,6276
徭,1,6277
罳,1,6278
Ω,1,6279
漶,1,6280
瑧,1,6281
坵,1,6282
翺,1,6283
＜,1,6284
顗,1,6285
à,1,6286
䗛,1,6287
鹇,1,6288
脿,1,6289
扞,1,6290
犺,1,6291
瞽,1,6292
皕,1,6293
恵,1,6294
缣,1,6295
禘,1,6296
埈,1,6297
鲊,1,6298
龠,1,6299
幇,1,6300
髂,1,6301
轺,1,6302
眦,1,6303
锾,1,6304
笾,1,6305
Ο,1,6306
姸,1,6307
䶮,1,6308
钶,1,6309
钤,1,6310
鎶,1,6311
柢,1,6312
莨,1,6313
烔,1,6314
澐,1,6315
耹,1,6316
餢,1,6317
嗹,1,6318
瘗,1,6319
昐,1,6320
嶺,1,6321
渖,1,6322
眄,1,6323
枧,1,6324
翮,1,6325
玗,1,6326
讉,1,6327
ｏ,1,6328
爭,1,6329
歃,1,6330
賺,1,6331
疰,1,6332
ē,1,6333
翦,1,6334
А,1,6335
毹,1,6336
攮,1,6337
桖,1,6338
笊,1,6339
嘧,1,6340
盜,1,6341
缡,1,6342
帀,1,6343
埚,1,6344
葂,1,6345
鉾,1,6346
蹙,1,6347
皴,1,6348
勄,1,6349
斃,1,6350
見,1,6351
戡,1,6352
锉,1,6353
仵,1,6354
嵕,1,6355
胝,1,6356
诔,1,6357
箝,1,6358
涼,1,6359
鸫,1,6360
氘,1,6361
瑒,1,6362
裡,1,6363
朏,1,6364
噻,1,6365
鮈,1,6366
澶,1,6367
伧,1,6368
嶋,1,6369
浞,1,6370
鯮,1,6371
渶,1,6372
蠁,1,6373
鬄,1,6374
焠,1,6375
棲,1,6376
仉,1,6377
鳉,1,6378
塁,1,6379
蓼,1,6380
˙,1,6381
寔,1,6382
葉,1,6383
胼,1,6384
摰,1,6385
砲,1,6386
帯,1,6387
畬,1,6388
桲,1,6389
刿,1,6390
墀,1,6391
晧,1,6392
鶻,1,6393
貢,1,6394
竢,1,6395
須,1,6396
沘,1,6397
颃,1,6398
酔,1,6399
裏,1,6400
鯊,1,6401
Т,1,6402
溁,1,6403
毎,1,6404
锔,1,6405
鑑,1,6406
罾,1,6407
俢,1,6408
箑,1,6409
漢,1,6410
効,1,6411
犏,1,6412
遺,1,6413
唷,1,6414
睪,1,6415
夑,1,6416
隈,1,6417
訚,1,6418
蒺,1,6419
鲿,1,6420
風,1,6421
碤,1,6422
镅,1,6423
嶽,1,6424
咥,1,6425
帔,1,6426
時,1,6427
潺,1,6428
Ｕ,1,6429
锕,1,6430
椹,1,6431
酳,1,6432
茲,1,6433
緬,1,6434
桴,1,6435
拏,1,6436
赜,1,6437
椐,1,6438
恆,1,6439
酲,1,6440
≤,1,6441
痺,1,6442
硇,1,6443
覇,1,6444
抟,1,6445
亁,1,6446
ü,1,6447
镪,1,6448
戽,1,6449
‪,1,6450
凖,1,6451
臜,1,6452
瑤,1,6453
饳,1,6454
囝,1,6455
苼,1,6456
羰,1,6457
䇹,1,6458
逡,1,6459
麿,1,6460
玆,1,6461
佡,1,6462
杲,1,6463
兟,1,6464
诜,1,6465
碽,1,6466
忞,1,6467
遘,1,6468
鳁,1,6469
哌,1,6470
沬,1,6471
〞,1,6472
③,1,6473
鸜,1,6474
鑅,1,6475
塭,1,6476
荬,1,6477
裝,1,6478
冮,1,6479
嘠,1,6480
栌,1,6481
蜮,1,6482
骯,1,6483
钍,1,6484
鲻,1,6485
舖,1,6486
鸶,1,6487
蛴,1,6488
個,1,6489
朜,1,6490
変,1,6491
癍,1,6492
璵,1,6493
聍,1,6494
镞,1,6495
恂,1,6496
泜,1,6497
醯,1,6498
奬,1,6499
跩,1,6500
堽,1,6501
骀,1,6502
樋,1,6503
耤,1,6504
苎,1,6505
荋,1,6506
郪,1,6507
屣,1,6508
袼,1,6509
炁,1,6510
袚,1,6511
│,1,6512
⁃,1,6513
兕,1,6514
哐,1,6515
娭,1,6516
嶷,1,6517
嗻,1,6518
權,1,6519
羋,1,6520
嚗,1,6521
壸,1,6522
員,1,6523
洈,1,6524
絲,1,6525
楬,1,6526
脲,1,6527
馼,1,6528
鲙,1,6529
姁,1,6530
鰶,1,6531
蚺,1,6532
崙,1,6533
笫,1,6534
珰,1,6535
瘊,1,6536
暝,1,6537
禮,1,6538
暸,1,6539
耵,1,6540
喦,1,6541
兲,1,6542
緣,1,6543
鞲,1,6544
迨,1,6545
棰,1,6546
喳,1,6547
戶,1,6548
悱,1,6549
榀,1,6550
贳,1,6551
诼,1,6552
樺,1,6553
昣,1,6554
炆,1,6555
錧,1,6556
苳,1,6557
塝,1,6558
咢,1,6559
煐,1,6560
簌,1,6561
畤,1,6562
崞,1,6563
茛,1,6564
笮,1,6565
靺,1,6566
牂,1,6567
洹,1,6568
穰,1,6569
觍,1,6570
馉,1,6571
ǐ,1,6572
郎,1,6573
毑,1,6574
棹,1,6575
瑀,1,6576
硗,1,6577
弾,1,6578
爻,1,6579
癒,1,6580
铋,1,6581
吖,1,6582
嶕,1,6583
滏,1,6584
鬏,1,6585
姫,1,6586
焢,1,6587
栴,1,6588
蔴,1,6589
傦,1,6590
碥,1,6591
偪,1,6592
叁,1,6593
禤,1,6594
盧,1,6595
搊,1,6596
妘,1,6597
芨,1,6598
冑,1,6599
亍,1,6600
苺,1,6601
埮,1,6602
週,1,6603
車,1,6604
裬,1,6605
蓪,1,6606
δ,1,6607
俆,1,6608
渿,1,6609
湫,1,6610
ｎ,1,6611
媖,1,6612
約,1,6613
饦,1,6614
瘳,1,6615
啻,1,6616
澹,1,6617
 ,1,6618
汆,1,6619
逶,1,6620
蠖,1,6621
灝,1,6622
粸,1,6623
鞕,1,6624
虿,1,6625
徬,1,6626
鼙,1,6627
雫,1,6628
壘,1,6629
岡,1,6630
啲,1,6631
椴,1,6632
棯,1,6633
録,1,6634
陁,1,6635
靛,1,6636
Ι,1,6637
礻,1,6638
匦,1,6639
馓,1,6640
撘,1,6641
 ,1,6642
甾,1,6643
鲆,1,6644
鳛,1,6645
錦,1,6646
痩,1,6647
﹣,1,6648
荜,1,6649
變,1,6650
勅,1,6651
瑸,1,6652
㷧,1,6653
谠,1,6654
僴,1,6655
讃,1,6656
℅,1,6657
甙,1,6658
拊,1,6659
墁,1,6660
酾,1,6661
媜,1,6662
黉,1,6663
媾,1,6664
湳,1,6665
╱,1,6666
囏,1,6667
溍,1,6668
騳,1,6669
榅,1,6670
×××,1,6671
牪,1,6672
瘖,1,6673
廬,1,6674
圓,1,6675
贶,1,6676
鲩,1,6677
圌,1,6678
･,1,6679
玭,1,6680
竚,1,6681
螟,1,6682
跞,1,6683
栻,1,6684
鶴,1,6685
瓿,1,6686
顼,1,6687
楦,1,6688
菝,1,6689
塠,1,6690
彳,1,6691
鳩,1,6692
悌,1,6693
菽,1,6694
堌,1,6695
沔,1,6696
磙,1,6697
婞,1,6698
瓘,1,6699
凉,1,6700
誌,1,6701
蘩,1,6702
刖,1,6703
镈,1,6704
睆,1,6705
屾,1,6706
淨,1,6707
鹡,1,6708
偌,1,6709
痦,1,6710
甪,1,6711
畯,1,6712
焓,1,6713
脬,1,6714
幛,1,6715
靑,1,6716
眀,1,6717
啣,1,6718
缟,1,6719
胗,1,6720
滠,1,6721
錱,1,6722
蔣,1,6723
η,1,6724
,1,6725
茕,1,6726
骓,1,6727
纥,1,6728
禨,1,6729
迺,1,6730
蟌,1,6731
氍,1,6732
殍,1,6733
賽,1,6734
肸,1,6735
妁,1,6736
篦,1,6737
嚇,1,6738
灜,1,6739
氾,1,6740
筇,1,6741
梃,1,6742
贛,1,6743
馬,1,6744
擁,1,6745
颋,1,6746
痾,1,6747
稹,1,6748
萘,1,6749
弁,1,6750
衠,1,6751
鬆,1,6752
昳,1,6753
捜,1,6754
侪,1,6755
枨,1,6756
埒,1,6757
甏,1,6758
脩,1,6759
屜,1,6760
Ｌ,1,6761
洩,1,6762
椠,1,6763
芘,1,6764
罉,1,6765
堉,1,6766
阏,1,6767
焌,1,6768
稗,1,6769
泩,1,6770
蝽,1,6771
ǔ,1,6772
縮,1,6773
畷,1,6774
甦,1,6775
葜,1,6776
镢,1,6777
柷,1,6778
簕,1,6779
巉,1,6780
雩,1,6781
荦,1,6782
瘜,1,6783
葭,1,6784
嵛,1,6785
門,1,6786
蕹,1,6787
韘,1,6788
雲,1,6789
鉨,1,6790
